,loc_id,loc_name,flowrate,pressure,temperature,key
2024-10-28 09:26:00,5.0,KP98,,18.342,,1402.0
2024-10-28 09:26:04,5.0,KP98,,18.81,,1404.0
2024-10-28 09:26:25,5.0,KP98,,18.9275,,1405.25
2024-10-28 09:26:47,5.0,KP98,,19.045,,1406.5
2024-10-28 09:28:00,5.0,KP98,,19.1625,,1407.75
2024-10-28 09:28:02,5.0,KP98,,19.28,,1409.0
2024-10-28 09:28:25,5.0,KP98,,19.346,,1410.0
2024-10-28 09:28:47,5.0,KP98,,19.412,,1411.0
2024-10-28 09:29:00,5.0,KP98,,19.478,,1412.0
2024-10-28 09:30:00,5.0,KP98,,19.478,,1412.0
2024-10-28 09:30:02,5.0,KP98,,19.61,,1414.0
2024-10-28 09:30:25,5.0,KP98,,19.642,,1415.0
2024-10-28 09:30:47,5.0,KP98,,19.674,,1416.0
2024-10-28 09:31:00,5.0,KP98,,19.706,,1417.0
2024-10-28 09:32:00,5.0,KP98,,19.706,,1417.0
2024-10-28 09:32:02,5.0,KP98,,19.77,,1419.0
2024-10-28 09:32:25,5.0,KP98,,19.774,,1420.0
2024-10-28 09:32:45,5.0,KP98,,19.778,,1421.0
2024-10-28 09:33:00,5.0,KP98,,19.782,,1422.0
2024-10-28 09:34:00,5.0,KP98,,19.782,,1422.0
2024-10-28 09:34:02,5.0,KP98,,19.79,,1424.0
2024-10-28 09:34:25,5.0,KP98,,19.807499999999997,,1425.25
2024-10-28 09:34:45,5.0,KP98,,19.825,,1426.5
2024-10-28 09:36:00,5.0,KP98,,19.8425,,1427.75
2024-10-28 09:36:02,5.0,KP98,,19.86,,1429.0
2024-10-28 09:36:25,5.0,KP98,,19.884,,1430.0
2024-10-28 09:36:45,5.0,KP98,,19.908,,1431.0
2024-10-28 09:37:00,5.0,KP98,,19.932,,1432.0
2024-10-28 09:38:00,5.0,KP98,,19.932,,1432.0
2024-10-28 09:38:02,5.0,KP98,,19.98,,1434.0
2024-10-28 09:38:25,5.0,KP98,,19.986,,1435.0
2024-10-28 09:38:45,5.0,KP98,,19.992,,1436.0
2024-10-28 09:39:00,5.0,KP98,,19.998,,1437.0
2024-10-28 09:40:00,5.0,KP98,,19.998,,1437.0
2024-10-28 09:40:02,5.0,KP98,,20.01,,1439.0
2024-10-28 09:40:25,5.0,KP98,,20.028000000000002,,1440.0
2024-10-28 09:40:45,5.0,KP98,,20.046000000000003,,1441.0
2024-10-28 09:41:00,5.0,KP98,,20.064,,1442.0
2024-10-28 09:42:00,5.0,KP98,,20.064,,1442.0
2024-10-28 09:42:02,5.0,KP98,,20.1,,1444.0
2024-10-28 09:42:25,5.0,KP98,,20.114,,1445.0
2024-10-28 09:42:45,5.0,KP98,,20.128,,1446.0
2024-10-28 09:43:00,5.0,KP98,,20.142000000000003,,1447.0
2024-10-28 09:44:00,5.0,KP98,,20.142000000000003,,1447.0
2024-10-28 09:44:02,5.0,KP98,,20.17,,1449.0
2024-10-28 09:44:25,5.0,KP98,,20.174000000000003,,1450.0
2024-10-28 09:44:45,5.0,KP98,,20.178,,1451.0
2024-10-28 09:45:00,5.0,KP98,,20.182000000000002,,1452.0
2024-10-28 09:46:00,5.0,KP98,,20.182000000000002,,1452.0
2024-10-28 09:46:02,5.0,KP98,,20.19,,1454.0
2024-10-28 09:46:25,5.0,KP98,,20.2025,,1455.25
2024-10-28 09:46:45,5.0,KP98,,20.215,,1456.5
2024-10-28 09:48:00,5.0,KP98,,20.2275,,1457.75
2024-10-28 09:48:02,5.0,KP98,,20.24,,1459.0
2024-10-28 09:48:25,5.0,KP98,,20.233999999999998,,1460.0
2024-10-28 09:48:45,5.0,KP98,,20.227999999999998,,1461.0
2024-10-28 09:49:00,5.0,KP98,,20.222,,1462.0
2024-10-28 09:50:00,5.0,KP98,,20.222,,1462.0
2024-10-28 09:50:02,5.0,KP98,,20.21,,1464.0
2024-10-28 09:50:25,5.0,KP98,,20.232,,1465.0
2024-10-28 09:50:45,5.0,KP98,,20.254,,1466.0
2024-10-28 09:51:00,5.0,KP98,,20.276,,1467.0
2024-10-28 09:52:00,5.0,KP98,,20.276,,1467.0
2024-10-28 09:52:02,5.0,KP98,,20.32,,1469.0
2024-10-28 09:52:25,5.0,KP98,,20.330000000000002,,1470.0
2024-10-28 09:52:45,5.0,KP98,,20.34,,1471.0
2024-10-28 09:53:00,5.0,KP98,,20.35,,1472.0
2024-10-28 09:54:00,5.0,KP98,,20.35,,1472.0
2024-10-28 09:54:02,5.0,KP98,,20.37,,1474.0
2024-10-28 09:54:25,5.0,KP98,,20.39,,1475.0
2024-10-28 09:54:45,5.0,KP98,,20.41,,1476.0
2024-10-28 09:55:00,5.0,KP98,,20.43,,1477.0
2024-10-28 09:56:00,5.0,KP98,,20.43,,1477.0
2024-10-28 09:56:02,5.0,KP98,,20.47,,1479.0
2024-10-28 09:56:25,5.0,KP98,,20.486,,1480.0
2024-10-28 09:56:45,5.0,KP98,,20.502,,1481.0
2024-10-28 09:57:00,5.0,KP98,,20.518,,1482.0
2024-10-28 09:58:00,5.0,KP98,,20.518,,1482.0
2024-10-28 09:58:02,5.0,KP98,,20.55,,1484.0
2024-10-28 09:58:25,5.0,KP98,,20.562,,1485.0
2024-10-28 09:58:45,5.0,KP98,,20.574,,1486.0
2024-10-28 09:59:00,5.0,KP98,,20.586,,1487.0
2024-10-28 10:00:00,5.0,KP98,,20.586,,1487.0
2024-10-28 10:00:02,5.0,KP98,,20.61,,1489.0
2024-10-28 10:00:25,5.0,KP98,,20.644,,1490.0
2024-10-28 10:00:45,5.0,KP98,,20.678,,1491.0
2024-10-28 10:01:00,5.0,KP98,,20.712,,1492.0
2024-10-28 10:02:00,5.0,KP98,,20.712,,1492.0
2024-10-28 10:02:02,5.0,KP98,,20.78,,1494.0
2024-10-28 10:02:25,5.0,KP98,,20.77,,1495.0
2024-10-28 10:02:45,5.0,KP98,,20.76,,1496.0
2024-10-28 10:03:00,5.0,KP98,,20.75,,1497.0
2024-10-28 10:04:00,5.0,KP98,,20.75,,1497.0
2024-10-28 10:04:02,5.0,KP98,,20.73,,1499.0
2024-10-28 10:04:25,5.0,KP98,,20.740000000000002,,1500.0
2024-10-28 10:04:45,5.0,KP98,,20.75,,1501.0
2024-10-28 10:05:00,5.0,KP98,,20.76,,1502.0
2024-10-28 10:06:00,5.0,KP98,,20.76,,1502.0
2024-10-28 10:06:02,5.0,KP98,,20.78,,1504.0
2024-10-28 10:06:25,5.0,KP98,,20.792,,1505.0
2024-10-28 10:06:45,5.0,KP98,,20.804000000000002,,1506.0
2024-10-28 10:07:00,5.0,KP98,,20.816,,1507.0
2024-10-28 10:08:00,5.0,KP98,,20.816,,1507.0
2024-10-28 10:08:02,5.0,KP98,,20.84,,1509.0
2024-10-28 10:08:25,5.0,KP98,,20.88,,1510.0
2024-10-28 10:08:45,5.0,KP98,,20.919999999999998,,1511.0
2024-10-28 10:09:00,5.0,KP98,,20.96,,1512.0
2024-10-28 10:10:00,5.0,KP98,,20.96,,1512.0
2024-10-28 10:10:02,5.0,KP98,,21.04,,1514.0
2024-10-28 10:10:25,5.0,KP98,,21.018,,1515.0
2024-10-28 10:10:45,5.0,KP98,,20.996,,1516.0
2024-10-28 10:11:00,5.0,KP98,,20.974,,1517.0
2024-10-28 10:12:00,5.0,KP98,,20.974,,1517.0
2024-10-28 10:12:02,5.0,KP98,,20.93,,1519.0
2024-10-28 10:12:25,5.0,KP98,,20.9425,,1520.25
2024-10-28 10:12:45,5.0,KP98,,20.955,,1521.5
2024-10-28 10:14:00,5.0,KP98,,20.9675,,1522.75
2024-10-28 10:14:02,5.0,KP98,,20.98,,1524.0
2024-10-28 10:14:25,5.0,KP98,,20.994,,1525.0
2024-10-28 10:14:45,5.0,KP98,,21.008,,1526.0
2024-10-28 10:15:00,5.0,KP98,,21.022000000000002,,1527.0
2024-10-28 10:16:00,5.0,KP98,,21.022000000000002,,1527.0
2024-10-28 10:16:02,5.0,KP98,,21.05,,1529.0
2024-10-28 10:16:25,5.0,KP98,,21.046,,1530.0
2024-10-28 10:16:45,5.0,KP98,,21.042,,1531.0
2024-10-28 10:17:00,5.0,KP98,,21.038,,1532.0
2024-10-28 10:18:00,5.0,KP98,,21.038,,1532.0
2024-10-28 10:18:02,5.0,KP98,,21.03,,1534.0
2024-10-28 10:18:25,5.0,KP98,,21.024,,1535.0
2024-10-28 10:18:45,5.0,KP98,,21.018,,1536.0
2024-10-28 10:19:00,5.0,KP98,,21.012,,1537.0
2024-10-28 10:20:00,5.0,KP98,,21.012,,1537.0
2024-10-28 10:20:02,5.0,KP98,,21.0,,1539.0
2024-10-28 10:20:25,5.0,KP98,,21.0025,,1540.25
2024-10-28 10:20:45,5.0,KP98,,21.005000000000003,,1541.5
2024-10-28 10:22:00,5.0,KP98,,21.0075,,1542.75
2024-10-28 10:22:02,5.0,KP98,,21.01,,1544.0
2024-10-28 10:22:25,5.0,KP98,,21.0025,,1545.25
2024-10-28 10:22:45,5.0,KP98,,20.995,,1546.5
2024-10-28 10:24:00,5.0,KP98,,20.9875,,1547.75
2024-10-28 10:24:02,5.0,KP98,,20.98,,1549.0
2024-10-28 10:24:25,5.0,KP98,,20.972,,1550.0
2024-10-28 10:24:45,5.0,KP98,,20.964000000000002,,1551.0
2024-10-28 10:25:00,5.0,KP98,,20.956,,1552.0
2024-10-28 10:26:00,5.0,KP98,,20.956,,1552.0
2024-10-28 10:26:02,5.0,KP98,,20.94,,1554.0
2024-10-28 10:26:25,5.0,KP98,,20.938000000000002,,1555.0
2024-10-28 10:26:45,5.0,KP98,,20.936,,1556.0
2024-10-28 10:27:00,5.0,KP98,,20.934,,1557.0
2024-10-28 10:28:00,5.0,KP98,,20.934,,1557.0
2024-10-28 10:28:02,5.0,KP98,,20.93,,1559.0
2024-10-28 10:28:25,5.0,KP98,,20.908,,1560.0
2024-10-28 10:28:45,5.0,KP98,,20.886,,1561.0
2024-10-28 10:29:00,5.0,KP98,,20.864,,1562.0
2024-10-28 10:30:00,5.0,KP98,,20.864,,1562.0
2024-10-28 10:30:02,5.0,KP98,,20.82,,1564.0
2024-10-28 10:30:25,5.0,KP98,,20.826,,1565.0
2024-10-28 10:30:45,5.0,KP98,,20.832,,1566.0
2024-10-28 10:31:00,5.0,KP98,,20.838,,1567.0
2024-10-28 10:32:00,5.0,KP98,,20.838,,1567.0
2024-10-28 10:32:02,5.0,KP98,,20.85,,1569.0
2024-10-28 10:32:25,5.0,KP98,,20.854000000000003,,1570.0
2024-10-28 10:32:45,5.0,KP98,,20.858,,1571.0
2024-10-28 10:33:00,5.0,KP98,,20.862000000000002,,1572.0
2024-10-28 10:34:00,5.0,KP98,,20.862000000000002,,1572.0
2024-10-28 10:34:02,5.0,KP98,,20.87,,1574.0
2024-10-28 10:34:25,5.0,KP98,,20.895,,1575.0
2024-10-28 10:34:45,5.0,KP98,,20.92,,1576.0
2024-10-28 10:36:00,5.0,KP98,,20.945,,1577.0
2024-10-28 10:36:02,5.0,KP98,,20.97,,1578.0
2024-10-28 10:36:25,5.0,KP98,,20.994999999999997,,1579.0
2024-10-28 10:36:45,5.0,KP98,,21.02,,1580.0
2024-10-28 10:38:00,5.0,KP98,,21.045,,1581.0
2024-10-28 10:38:02,5.0,KP98,,21.07,,1582.0
2024-10-28 10:38:25,5.0,KP98,,21.0775,,1583.25
2024-10-28 10:38:45,5.0,KP98,,21.085,,1584.5
2024-10-28 10:40:00,5.0,KP98,,21.0925,,1585.75
2024-10-28 10:40:02,5.0,KP98,,21.1,,1587.0
2024-10-28 10:40:25,5.0,KP98,,21.104000000000003,,1588.0
2024-10-28 10:40:45,5.0,KP98,,21.108,,1589.0
2024-10-28 10:41:00,5.0,KP98,,21.112000000000002,,1590.0
2024-10-28 10:42:00,5.0,KP98,,21.112000000000002,,1590.0
2024-10-28 10:42:02,5.0,KP98,,21.12,,1592.0
2024-10-28 10:42:25,5.0,KP98,,21.116,,1593.0
2024-10-28 10:42:45,5.0,KP98,,21.112000000000002,,1594.0
2024-10-28 10:43:00,5.0,KP98,,21.108,,1595.0
2024-10-28 10:44:00,5.0,KP98,,21.108,,1595.0
2024-10-28 10:44:02,5.0,KP98,,21.1,,1597.0
2024-10-28 10:44:25,5.0,KP98,,21.122500000000002,,1598.25
2024-10-28 10:44:45,5.0,KP98,,21.145000000000003,,1599.5
2024-10-28 10:46:00,5.0,KP98,,21.1675,,1600.75
2024-10-28 10:46:02,5.0,KP98,,21.19,,1602.0
2024-10-28 10:46:25,5.0,KP98,,21.194000000000003,,1603.0
2024-10-28 10:46:45,5.0,KP98,,21.198,,1604.0
2024-10-28 10:47:00,5.0,KP98,,21.202,,1605.0
2024-10-28 10:48:00,5.0,KP98,,21.202,,1605.0
2024-10-28 10:48:02,5.0,KP98,,21.21,,1607.0
2024-10-28 10:48:25,5.0,KP98,,21.1875,,1608.25
2024-10-28 10:48:45,5.0,KP98,,21.165,,1609.5
2024-10-28 10:50:00,5.0,KP98,,21.142500000000002,,1610.75
2024-10-28 10:50:02,5.0,KP98,,21.12,,1612.0
2024-10-28 10:50:25,5.0,KP98,,21.118000000000002,,1613.0
2024-10-28 10:50:45,5.0,KP98,,21.116,,1614.0
2024-10-28 10:51:00,5.0,KP98,,21.114,,1615.0
2024-10-28 10:52:00,5.0,KP98,,21.114,,1615.0
2024-10-28 10:52:02,5.0,KP98,,21.11,,1617.0
2024-10-28 10:52:25,5.0,KP98,,21.104,,1618.0
2024-10-28 10:52:45,5.0,KP98,,21.098,,1619.0
2024-10-28 10:53:00,5.0,KP98,,21.092,,1620.0
2024-10-28 10:54:00,5.0,KP98,,21.092,,1620.0
2024-10-28 10:54:02,5.0,KP98,,21.08,,1622.0
2024-10-28 10:54:25,5.0,KP98,,21.064,,1623.0
2024-10-28 10:54:45,5.0,KP98,,21.048,,1624.0
2024-10-28 10:55:00,5.0,KP98,,21.032,,1625.0
2024-10-28 10:56:00,5.0,KP98,,21.032,,1625.0
2024-10-28 10:56:02,5.0,KP98,,21.0,,1627.0
2024-10-28 10:56:25,5.0,KP98,,20.99,,1628.0
2024-10-28 10:56:45,5.0,KP98,,20.98,,1629.0
2024-10-28 10:57:00,5.0,KP98,,20.97,,1630.0
2024-10-28 10:58:00,5.0,KP98,,20.97,,1630.0
2024-10-28 10:58:02,5.0,KP98,,20.95,,1632.0
2024-10-28 10:58:25,5.0,KP98,,20.939999999999998,,1633.0
2024-10-28 10:58:45,5.0,KP98,,20.93,,1634.0
2024-10-28 10:59:00,5.0,KP98,,20.919999999999998,,1635.0
2024-10-28 11:00:00,5.0,KP98,,20.919999999999998,,1635.0
2024-10-28 11:00:02,5.0,KP98,,20.9,,1637.0
2024-10-28 11:00:25,5.0,KP98,,20.9,,1638.0
2024-10-28 11:00:45,5.0,KP98,,20.9,,1639.0
2024-10-28 11:01:00,5.0,KP98,,20.9,,1640.0
2024-10-28 11:02:00,5.0,KP98,,20.9,,1640.0
2024-10-28 11:02:02,5.0,KP98,,20.9,,1642.0
2024-10-28 11:02:25,5.0,KP98,,20.917499999999997,,1643.25
2024-10-28 11:02:45,5.0,KP98,,20.935,,1644.5
2024-10-28 11:04:00,5.0,KP98,,20.9525,,1645.75
2024-10-28 11:04:02,5.0,KP98,,20.97,,1647.0
2024-10-28 11:04:25,5.0,KP98,,20.994999999999997,,1648.25
2024-10-28 11:04:45,5.0,KP98,,21.02,,1649.5
2024-10-28 11:06:00,5.0,KP98,,21.045,,1650.75
2024-10-28 11:06:02,5.0,KP98,,21.07,,1652.0
2024-10-28 11:06:25,5.0,KP98,,21.064,,1653.0
2024-10-28 11:06:45,5.0,KP98,,21.058,,1654.0
2024-10-28 11:07:00,5.0,KP98,,21.052,,1655.0
2024-10-28 11:08:00,5.0,KP98,,21.052,,1655.0
2024-10-28 11:08:02,5.0,KP98,,21.04,,1657.0
2024-10-28 11:08:25,5.0,KP98,,21.044,,1658.0
2024-10-28 11:08:45,5.0,KP98,,21.048,,1659.0
2024-10-28 11:09:00,5.0,KP98,,21.052,,1660.0
2024-10-28 11:10:00,5.0,KP98,,21.052,,1660.0
2024-10-28 11:10:02,5.0,KP98,,21.06,,1662.0
2024-10-28 11:10:25,5.0,KP98,,21.048,,1663.0
2024-10-28 11:10:45,5.0,KP98,,21.035999999999998,,1664.0
2024-10-28 11:11:00,5.0,KP98,,21.024,,1665.0
2024-10-28 11:12:00,5.0,KP98,,21.024,,1665.0
2024-10-28 11:12:02,5.0,KP98,,21.0,,1667.0
2024-10-28 11:12:25,5.0,KP98,,20.992,,1668.0
2024-10-28 11:12:45,5.0,KP98,,20.984,,1669.0
2024-10-28 11:13:00,5.0,KP98,,20.976,,1670.0
2024-10-28 11:14:00,5.0,KP98,,20.976,,1670.0
2024-10-28 11:14:02,5.0,KP98,,20.96,,1672.0
2024-10-28 11:14:25,5.0,KP98,,20.802,,1673.0
2024-10-28 11:14:45,5.0,KP98,,20.644000000000002,,1674.0
2024-10-28 11:15:00,5.0,KP98,,20.486,,1675.0
2024-10-28 11:16:00,5.0,KP98,,20.486,,1675.0
2024-10-28 11:16:04,5.0,KP98,,20.17,,1677.0
2024-10-28 11:16:25,5.0,KP98,,20.262,,1678.0
2024-10-28 11:16:45,5.0,KP98,,20.354,,1679.0
2024-10-28 11:17:00,5.0,KP98,,20.446,,1680.0
2024-10-28 11:18:00,5.0,KP98,,20.446,,1680.0
2024-10-28 11:18:02,5.0,KP98,,20.63,,1682.0
2024-10-28 11:18:25,5.0,KP98,,20.588,,1683.0
2024-10-28 11:18:45,5.0,KP98,,20.546,,1684.0
2024-10-28 11:19:00,5.0,KP98,,20.504,,1685.0
2024-10-28 11:20:00,5.0,KP98,,20.504,,1685.0
2024-10-28 11:20:02,5.0,KP98,,20.42,,1687.0
2024-10-28 11:20:25,5.0,KP98,,20.422,,1688.0
2024-10-28 11:20:45,5.0,KP98,,20.424,,1689.0
2024-10-28 11:21:00,5.0,KP98,,20.426000000000002,,1690.0
2024-10-28 11:22:00,5.0,KP98,,20.426000000000002,,1690.0
2024-10-28 11:22:02,5.0,KP98,,20.43,,1692.0
2024-10-28 11:22:25,5.0,KP98,,20.454,,1693.0
2024-10-28 11:22:45,5.0,KP98,,20.478,,1694.0
2024-10-28 11:23:00,5.0,KP98,,20.502,,1695.0
2024-10-28 11:24:00,5.0,KP98,,20.502,,1695.0
2024-10-28 11:24:02,5.0,KP98,,20.55,,1697.0
2024-10-28 11:24:25,5.0,KP98,,20.582,,1698.0
2024-10-28 11:24:45,5.0,KP98,,20.614,,1699.0
2024-10-28 11:25:00,5.0,KP98,,20.646,,1700.0
2024-10-28 11:26:00,5.0,KP98,,20.646,,1700.0
2024-10-28 11:26:02,5.0,KP98,,20.71,,1702.0
2024-10-28 11:26:25,5.0,KP98,,20.716,,1703.0
2024-10-28 11:26:45,5.0,KP98,,20.722,,1704.0
2024-10-28 11:27:00,5.0,KP98,,20.727999999999998,,1705.0
2024-10-28 11:28:00,5.0,KP98,,20.727999999999998,,1705.0
2024-10-28 11:28:02,5.0,KP98,,20.74,,1707.0
2024-10-28 11:28:25,5.0,KP98,,20.811999999999998,,1708.0
2024-10-28 11:28:45,5.0,KP98,,20.884,,1709.0
2024-10-28 11:29:00,5.0,KP98,,20.956,,1710.0
2024-10-28 11:30:00,5.0,KP98,,20.956,,1710.0
2024-10-28 11:30:02,5.0,KP98,,21.1,,1712.0
2024-10-28 11:30:25,5.0,KP98,,21.124000000000002,,1713.0
2024-10-28 11:30:45,5.0,KP98,,21.148,,1714.0
2024-10-28 11:31:00,5.0,KP98,,21.172,,1715.0
2024-10-28 11:32:00,5.0,KP98,,21.172,,1715.0
2024-10-28 11:32:02,5.0,KP98,,21.22,,1717.0
2024-10-28 11:32:25,5.0,KP98,,21.218,,1718.0
2024-10-28 11:32:45,5.0,KP98,,21.216,,1719.0
2024-10-28 11:33:00,5.0,KP98,,21.214,,1720.0
2024-10-28 11:34:00,5.0,KP98,,21.214,,1720.0
2024-10-28 11:34:02,5.0,KP98,,21.21,,1722.0
2024-10-28 11:34:25,5.0,KP98,,21.256,,1723.0
2024-10-28 11:34:45,5.0,KP98,,21.302,,1724.0
2024-10-28 11:35:00,5.0,KP98,,21.348000000000003,,1725.0
2024-10-28 11:36:00,5.0,KP98,,21.348000000000003,,1725.0
2024-10-28 11:36:02,5.0,KP98,,21.44,,1727.0
2024-10-28 11:36:25,5.0,KP98,,21.48,,1728.25
2024-10-28 11:36:45,5.0,KP98,,21.520000000000003,,1729.5
2024-10-28 11:38:00,5.0,KP98,,21.560000000000002,,1730.75
2024-10-28 11:38:02,5.0,KP98,,21.6,,1732.0
2024-10-28 11:38:25,5.0,KP98,,21.606,,1733.0
2024-10-28 11:38:45,5.0,KP98,,21.612000000000002,,1734.0
2024-10-28 11:39:00,5.0,KP98,,21.618,,1735.0
2024-10-28 11:40:00,5.0,KP98,,21.618,,1735.0
2024-10-28 11:40:02,5.0,KP98,,21.63,,1737.0
2024-10-28 11:40:25,5.0,KP98,,21.622,,1738.0
2024-10-28 11:40:45,5.0,KP98,,21.614,,1739.0
2024-10-28 11:41:00,5.0,KP98,,21.605999999999998,,1740.0
2024-10-28 11:42:00,5.0,KP98,,21.605999999999998,,1740.0
2024-10-28 11:42:02,5.0,KP98,,21.59,,1742.0
2024-10-28 11:42:25,5.0,KP98,,21.6225,,1743.0
2024-10-28 11:42:45,5.0,KP98,,21.655,,1744.0
2024-10-28 11:44:00,5.0,KP98,,21.6875,,1745.0
2024-10-28 11:44:02,5.0,KP98,,21.72,,1746.0
2024-10-28 11:44:25,5.0,KP98,,21.727999999999998,,1747.0
2024-10-28 11:44:45,5.0,KP98,,21.736,,1748.0
2024-10-28 11:45:00,5.0,KP98,,21.744,,1749.0
2024-10-28 11:46:00,5.0,KP98,,21.744,,1749.0
2024-10-28 11:46:02,5.0,KP98,,21.76,,1751.0
2024-10-28 11:46:25,5.0,KP98,,21.748,,1752.0
2024-10-28 11:46:45,5.0,KP98,,21.736,,1753.0
2024-10-28 11:47:00,5.0,KP98,,21.724,,1754.0
2024-10-28 11:48:00,5.0,KP98,,21.724,,1754.0
2024-10-28 11:48:02,5.0,KP98,,21.7,,1756.0
2024-10-28 11:48:25,5.0,KP98,,21.71,,1757.25
2024-10-28 11:48:45,5.0,KP98,,21.72,,1758.5
2024-10-28 11:50:00,5.0,KP98,,21.729999999999997,,1759.75
2024-10-28 11:50:02,5.0,KP98,,21.74,,1761.0
2024-10-28 11:50:25,5.0,KP98,,21.72,,1762.25
2024-10-28 11:50:45,5.0,KP98,,21.7,,1763.5
2024-10-28 11:52:00,5.0,KP98,,21.68,,1764.75
2024-10-28 11:52:02,5.0,KP98,,21.66,,1766.0
2024-10-28 11:52:25,5.0,KP98,,21.664,,1767.0
2024-10-28 11:52:45,5.0,KP98,,21.668,,1768.0
2024-10-28 11:53:00,5.0,KP98,,21.672,,1769.0
2024-10-28 11:54:00,5.0,KP98,,21.672,,1769.0
2024-10-28 11:54:02,5.0,KP98,,21.68,,1771.0
2024-10-28 11:54:25,5.0,KP98,,21.666,,1772.0
2024-10-28 11:54:45,5.0,KP98,,21.652,,1773.0
2024-10-28 11:55:00,5.0,KP98,,21.637999999999998,,1774.0
2024-10-28 11:56:00,5.0,KP98,,21.637999999999998,,1774.0
2024-10-28 11:56:02,5.0,KP98,,21.61,,1776.0
2024-10-28 11:56:25,5.0,KP98,,21.619999999999997,,1777.0
2024-10-28 11:56:45,5.0,KP98,,21.63,,1778.0
2024-10-28 11:58:00,5.0,KP98,,21.64,,1779.0
2024-10-28 11:58:02,5.0,KP98,,21.65,,1780.0
2024-10-28 11:58:25,5.0,KP98,,21.637999999999998,,1781.0
2024-10-28 11:58:45,5.0,KP98,,21.625999999999998,,1782.0
2024-10-28 11:59:00,5.0,KP98,,21.614,,1783.0
2024-10-28 12:00:00,5.0,KP98,,21.614,,1783.0
2024-10-28 12:00:02,5.0,KP98,,21.59,,1785.0
2024-10-28 12:00:25,5.0,KP98,,21.58,,1786.0
2024-10-28 12:00:45,5.0,KP98,,21.57,,1787.0
2024-10-28 12:01:00,5.0,KP98,,21.56,,1788.0
2024-10-28 12:02:00,5.0,KP98,,21.56,,1788.0
2024-10-28 12:02:02,5.0,KP98,,21.54,,1790.0
2024-10-28 12:02:25,5.0,KP98,,21.5425,,1791.0
2024-10-28 12:02:45,5.0,KP98,,21.545,,1792.0
2024-10-28 12:04:00,5.0,KP98,,21.5475,,1793.0
2024-10-28 12:04:02,5.0,KP98,,21.55,,1794.0
2024-10-28 12:04:25,5.0,KP98,,21.54,,1795.0
2024-10-28 12:04:45,5.0,KP98,,21.53,,1796.0
2024-10-28 12:05:00,5.0,KP98,,21.52,,1797.0
2024-10-28 12:06:00,5.0,KP98,,21.52,,1797.0
2024-10-28 12:06:02,5.0,KP98,,21.5,,1799.0
2024-10-28 12:06:25,5.0,KP98,,21.508,,1800.0
2024-10-28 12:06:45,5.0,KP98,,21.516,,1801.0
2024-10-28 12:07:00,5.0,KP98,,21.524,,1802.0
2024-10-28 12:08:00,5.0,KP98,,21.524,,1802.0
2024-10-28 12:08:02,5.0,KP98,,21.54,,1804.0
2024-10-28 12:08:25,5.0,KP98,,21.464,,1805.0
2024-10-28 12:08:45,5.0,KP98,,21.387999999999998,,1806.0
2024-10-28 12:09:00,5.0,KP98,,21.312,,1807.0
2024-10-28 12:10:00,5.0,KP98,,21.312,,1807.0
2024-10-28 12:10:02,5.0,KP98,,21.16,,1809.0
2024-10-28 12:10:25,5.0,KP98,,21.078,,1810.0
2024-10-28 12:10:45,5.0,KP98,,20.996,,1811.0
2024-10-28 12:11:00,5.0,KP98,,20.914,,1812.0
2024-10-28 12:12:00,5.0,KP98,,20.914,,1812.0
2024-10-28 12:12:02,5.0,KP98,,20.75,,1814.0
2024-10-28 12:12:25,5.0,KP98,,20.736,,1815.0
2024-10-28 12:12:46,5.0,KP98,,20.722,,1816.0
2024-10-28 12:13:00,5.0,KP98,,20.708,,1817.0
2024-10-28 12:14:00,5.0,KP98,,20.708,,1817.0
2024-10-28 12:14:02,5.0,KP98,,20.68,,1819.0
2024-10-28 12:14:25,5.0,KP98,,20.669999999999998,,1820.0
2024-10-28 12:14:45,5.0,KP98,,20.66,,1821.0
2024-10-28 12:15:00,5.0,KP98,,20.65,,1822.0
2024-10-28 12:16:00,5.0,KP98,,20.65,,1822.0
2024-10-28 12:16:02,5.0,KP98,,20.63,,1824.0
2024-10-28 12:16:25,5.0,KP98,,20.628,,1825.0
2024-10-28 12:16:45,5.0,KP98,,20.626,,1826.0
2024-10-28 12:17:00,5.0,KP98,,20.624,,1827.0
2024-10-28 12:18:00,5.0,KP98,,20.624,,1827.0
2024-10-28 12:18:02,5.0,KP98,,20.62,,1829.0
2024-10-28 12:18:25,5.0,KP98,,20.616,,1830.0
2024-10-28 12:18:45,5.0,KP98,,20.612000000000002,,1831.0
2024-10-28 12:19:00,5.0,KP98,,20.608,,1832.0
2024-10-28 12:20:00,5.0,KP98,,20.608,,1832.0
2024-10-28 12:20:02,5.0,KP98,,20.6,,1834.0
2024-10-28 12:20:25,5.0,KP98,,20.68,,1835.0
2024-10-28 12:20:45,5.0,KP98,,20.76,,1836.0
2024-10-28 12:22:00,5.0,KP98,,20.840000000000003,,1837.0
2024-10-28 12:22:02,5.0,KP98,,20.92,,1838.0
2024-10-28 12:22:25,5.0,KP98,,20.928,,1839.0
2024-10-28 12:22:45,5.0,KP98,,20.936,,1840.0
2024-10-28 12:23:00,5.0,KP98,,20.944000000000003,,1841.0
2024-10-28 12:24:00,5.0,KP98,,20.944000000000003,,1841.0
2024-10-28 12:24:02,5.0,KP98,,20.96,,1843.0
2024-10-28 12:24:25,5.0,KP98,,20.888,,1844.0
2024-10-28 12:24:45,5.0,KP98,,20.816000000000003,,1845.0
2024-10-28 12:25:00,5.0,KP98,,20.744,,1846.0
2024-10-28 12:26:00,5.0,KP98,,20.744,,1846.0
2024-10-28 12:26:02,5.0,KP98,,20.6,,1848.0
2024-10-28 12:26:25,5.0,KP98,,20.618000000000002,,1849.0
2024-10-28 12:26:45,5.0,KP98,,20.636000000000003,,1850.0
2024-10-28 12:27:00,5.0,KP98,,20.654,,1851.0
2024-10-28 12:28:00,5.0,KP98,,20.654,,1851.0
2024-10-28 12:28:02,5.0,KP98,,20.69,,1853.0
2024-10-28 12:28:25,5.0,KP98,,20.880000000000003,,1854.0
2024-10-28 12:28:45,5.0,KP98,,21.07,,1855.0
2024-10-28 12:29:00,5.0,KP98,,21.26,,1856.0
2024-10-28 12:30:00,5.0,KP98,,21.26,,1856.0
2024-10-28 12:30:04,5.0,KP98,,21.64,,1858.0
2024-10-28 12:30:25,5.0,KP98,,21.6325,,1859.25
2024-10-28 12:30:45,5.0,KP98,,21.625,,1860.5
2024-10-28 12:32:00,5.0,KP98,,21.6175,,1861.75
2024-10-28 12:32:02,5.0,KP98,,21.61,,1863.0
2024-10-28 12:32:25,5.0,KP98,,21.628,,1864.0
2024-10-28 12:32:47,5.0,KP98,,21.646,,1865.0
2024-10-28 12:33:00,5.0,KP98,,21.663999999999998,,1866.0
2024-10-28 12:34:00,5.0,KP98,,21.663999999999998,,1866.0
2024-10-28 12:34:02,5.0,KP98,,21.7,,1868.0
2024-10-28 12:34:25,5.0,KP98,,21.724,,1869.0
2024-10-28 12:34:45,5.0,KP98,,21.748,,1870.0
2024-10-28 12:35:00,5.0,KP98,,21.772,,1871.0
2024-10-28 12:36:00,5.0,KP98,,21.772,,1871.0
2024-10-28 12:36:02,5.0,KP98,,21.82,,1873.0
2024-10-28 12:36:25,5.0,KP98,,21.845,,1874.25
2024-10-28 12:36:45,5.0,KP98,,21.87,,1875.5
2024-10-28 12:38:00,5.0,KP98,,21.895000000000003,,1876.75
2024-10-28 12:38:02,5.0,KP98,,21.92,,1878.0
2024-10-28 12:38:25,5.0,KP98,,21.950000000000003,,1879.25
2024-10-28 12:38:45,5.0,KP98,,21.98,,1880.5
2024-10-28 12:40:00,5.0,KP98,,22.009999999999998,,1881.75
2024-10-28 12:40:02,5.0,KP98,,22.04,,1883.0
2024-10-28 12:40:25,5.0,KP98,,22.058,,1884.0
2024-10-28 12:40:45,5.0,KP98,,22.076,,1885.0
2024-10-28 12:41:00,5.0,KP98,,22.093999999999998,,1886.0
2024-10-28 12:42:00,5.0,KP98,,22.093999999999998,,1886.0
2024-10-28 12:42:02,5.0,KP98,,22.13,,1888.0
2024-10-28 12:42:25,5.0,KP98,,22.144,,1889.0
2024-10-28 12:42:45,5.0,KP98,,22.157999999999998,,1890.0
2024-10-28 12:43:00,5.0,KP98,,22.172,,1891.0
2024-10-28 12:44:00,5.0,KP98,,22.172,,1891.0
2024-10-28 12:44:02,5.0,KP98,,22.2,,1893.0
2024-10-28 12:44:25,5.0,KP98,,22.252499999999998,,1894.25
2024-10-28 12:44:45,5.0,KP98,,22.305,,1895.5
2024-10-28 12:46:00,5.0,KP98,,22.3575,,1896.75
2024-10-28 12:46:02,5.0,KP98,,22.41,,1898.0
2024-10-28 12:46:25,5.0,KP98,,22.414,,1899.0
2024-10-28 12:46:45,5.0,KP98,,22.418,,1900.0
2024-10-28 12:47:00,5.0,KP98,,22.422,,1901.0
2024-10-28 12:48:00,5.0,KP98,,22.422,,1901.0
2024-10-28 12:48:02,5.0,KP98,,22.43,,1903.0
2024-10-28 12:48:25,5.0,KP98,,22.442,,1904.0
2024-10-28 12:48:45,5.0,KP98,,22.454,,1905.0
2024-10-28 12:49:00,5.0,KP98,,22.465999999999998,,1906.0
2024-10-28 12:50:00,5.0,KP98,,22.465999999999998,,1906.0
2024-10-28 12:50:02,5.0,KP98,,22.49,,1908.0
2024-10-28 12:50:25,5.0,KP98,,22.488,,1909.0
2024-10-28 12:50:45,5.0,KP98,,22.486,,1910.0
2024-10-28 12:51:00,5.0,KP98,,22.483999999999998,,1911.0
2024-10-28 12:52:00,5.0,KP98,,22.483999999999998,,1911.0
2024-10-28 12:52:02,5.0,KP98,,22.48,,1913.0
2024-10-28 12:52:25,5.0,KP98,,22.488,,1914.0
2024-10-28 12:52:45,5.0,KP98,,22.496,,1915.0
2024-10-28 12:53:00,5.0,KP98,,22.504,,1916.0
2024-10-28 12:54:00,5.0,KP98,,22.504,,1916.0
2024-10-28 12:54:02,5.0,KP98,,22.52,,1918.0
2024-10-28 12:54:25,5.0,KP98,,22.506,,1919.0
2024-10-28 12:54:45,5.0,KP98,,22.492,,1920.0
2024-10-28 12:55:00,5.0,KP98,,22.477999999999998,,1921.0
2024-10-28 12:56:00,5.0,KP98,,22.477999999999998,,1921.0
2024-10-28 12:56:02,5.0,KP98,,22.45,,1923.0
2024-10-28 12:56:25,5.0,KP98,,22.434,,1924.0
2024-10-28 12:56:45,5.0,KP98,,22.418,,1925.0
2024-10-28 12:57:00,5.0,KP98,,22.402,,1926.0
2024-10-28 12:58:00,5.0,KP98,,22.402,,1926.0
2024-10-28 12:58:02,5.0,KP98,,22.37,,1928.0
2024-10-28 12:58:25,5.0,KP98,,22.354,,1929.0
2024-10-28 12:58:45,5.0,KP98,,22.338,,1930.0
2024-10-28 12:59:00,5.0,KP98,,22.322,,1931.0
2024-10-28 13:00:00,5.0,KP98,,22.322,,1931.0
2024-10-28 13:00:02,5.0,KP98,,22.29,,1933.0
2024-10-28 13:00:25,5.0,KP98,,22.246,,1934.0
2024-10-28 13:00:45,5.0,KP98,,22.201999999999998,,1935.0
2024-10-28 13:01:00,5.0,KP98,,22.158,,1936.0
2024-10-28 13:02:00,5.0,KP98,,22.158,,1936.0
2024-10-28 13:02:02,5.0,KP98,,22.07,,1938.0
2024-10-28 13:02:25,5.0,KP98,,22.04,,1939.0
2024-10-28 13:02:45,5.0,KP98,,22.01,,1940.0
2024-10-28 13:03:00,5.0,KP98,,21.98,,1941.0
2024-10-28 13:04:00,5.0,KP98,,21.98,,1941.0
2024-10-28 13:04:02,5.0,KP98,,21.92,,1943.0
2024-10-28 13:04:25,5.0,KP98,,21.900000000000002,,1944.0
2024-10-28 13:04:45,5.0,KP98,,21.880000000000003,,1945.0
2024-10-28 13:05:00,5.0,KP98,,21.86,,1946.0
2024-10-28 13:06:00,5.0,KP98,,21.86,,1946.0
2024-10-28 13:06:02,5.0,KP98,,21.82,,1948.0
2024-10-28 13:06:25,5.0,KP98,,21.818,,1949.0
2024-10-28 13:06:45,5.0,KP98,,21.816,,1950.0
2024-10-28 13:07:00,5.0,KP98,,21.814,,1951.0
2024-10-28 13:08:00,5.0,KP98,,21.814,,1951.0
2024-10-28 13:08:02,5.0,KP98,,21.81,,1953.0
2024-10-28 13:08:25,5.0,KP98,,21.825,,1954.0
2024-10-28 13:08:45,5.0,KP98,,21.84,,1955.0
2024-10-28 13:10:00,5.0,KP98,,21.855,,1956.0
2024-10-28 13:10:02,5.0,KP98,,21.87,,1957.0
2024-10-28 13:10:25,5.0,KP98,,21.878,,1958.0
2024-10-28 13:10:45,5.0,KP98,,21.886,,1959.0
2024-10-28 13:11:00,5.0,KP98,,21.894000000000002,,1960.0
2024-10-28 13:12:00,5.0,KP98,,21.894000000000002,,1960.0
2024-10-28 13:12:02,5.0,KP98,,21.91,,1962.0
2024-10-28 13:12:25,5.0,KP98,,21.904,,1963.0
2024-10-28 13:12:45,5.0,KP98,,21.898,,1964.0
2024-10-28 13:13:00,5.0,KP98,,21.892,,1965.0
2024-10-28 13:14:00,5.0,KP98,,21.892,,1965.0
2024-10-28 13:14:02,5.0,KP98,,21.88,,1967.0
2024-10-28 13:14:25,5.0,KP98,,21.884999999999998,,1968.25
2024-10-28 13:14:45,5.0,KP98,,21.89,,1969.5
2024-10-28 13:16:00,5.0,KP98,,21.895,,1970.75
2024-10-28 13:16:02,5.0,KP98,,21.9,,1972.0
2024-10-28 13:16:25,5.0,KP98,,21.906,,1973.0
2024-10-28 13:16:45,5.0,KP98,,21.912,,1974.0
2024-10-28 13:17:00,5.0,KP98,,21.918,,1975.0
2024-10-28 13:18:00,5.0,KP98,,21.918,,1975.0
2024-10-28 13:18:02,5.0,KP98,,21.93,,1977.0
2024-10-28 13:18:25,5.0,KP98,,21.919999999999998,,1978.0
2024-10-28 13:18:45,5.0,KP98,,21.91,,1979.0
2024-10-28 13:19:00,5.0,KP98,,21.9,,1980.0
2024-10-28 13:20:00,5.0,KP98,,21.9,,1980.0
2024-10-28 13:20:02,5.0,KP98,,21.88,,1982.0
2024-10-28 13:20:25,5.0,KP98,,21.869999999999997,,1983.0
2024-10-28 13:20:45,5.0,KP98,,21.86,,1984.0
2024-10-28 13:21:00,5.0,KP98,,21.849999999999998,,1985.0
2024-10-28 13:22:00,5.0,KP98,,21.849999999999998,,1985.0
2024-10-28 13:22:02,5.0,KP98,,21.83,,1987.0
2024-10-28 13:22:25,5.0,KP98,,21.823999999999998,,1988.0
2024-10-28 13:22:45,5.0,KP98,,21.817999999999998,,1989.0
2024-10-28 13:23:00,5.0,KP98,,21.812,,1990.0
2024-10-28 13:24:00,5.0,KP98,,21.812,,1990.0
2024-10-28 13:24:02,5.0,KP98,,21.8,,1992.0
2024-10-28 13:24:25,5.0,KP98,,21.784,,1993.0
2024-10-28 13:24:45,5.0,KP98,,21.768,,1994.0
2024-10-28 13:25:00,5.0,KP98,,21.752,,1995.0
2024-10-28 13:26:00,5.0,KP98,,21.752,,1995.0
2024-10-28 13:26:02,5.0,KP98,,21.72,,1997.0
2024-10-28 13:26:27,5.0,KP98,,21.697499999999998,,1998.0
2024-10-28 13:26:45,5.0,KP98,,21.674999999999997,,1999.0
2024-10-28 13:28:00,5.0,KP98,,21.6525,,2000.0
2024-10-28 13:28:02,5.0,KP98,,21.63,,2001.0
2024-10-28 13:28:25,5.0,KP98,,21.634999999999998,,2002.25
2024-10-28 13:28:45,5.0,KP98,,21.64,,2003.5
2024-10-28 13:30:00,5.0,KP98,,21.645,,2004.75
2024-10-28 13:30:02,5.0,KP98,,21.65,,2006.0
2024-10-28 13:30:25,5.0,KP98,,21.637999999999998,,2007.0
2024-10-28 13:30:45,5.0,KP98,,21.625999999999998,,2008.0
2024-10-28 13:31:00,5.0,KP98,,21.614,,2009.0
2024-10-28 13:32:00,5.0,KP98,,21.614,,2009.0
2024-10-28 13:32:02,5.0,KP98,,21.59,,2011.0
2024-10-28 13:32:25,5.0,KP98,,21.58,,2012.25
2024-10-28 13:32:45,5.0,KP98,,21.57,,2013.5
2024-10-28 13:34:00,5.0,KP98,,21.560000000000002,,2014.75
2024-10-28 13:34:02,5.0,KP98,,21.55,,2016.0
2024-10-28 13:34:25,5.0,KP98,,21.554000000000002,,2017.0
2024-10-28 13:34:45,5.0,KP98,,21.558,,2018.0
2024-10-28 13:35:00,5.0,KP98,,21.562,,2019.0
2024-10-28 13:36:00,5.0,KP98,,21.562,,2019.0
2024-10-28 13:36:02,5.0,KP98,,21.57,,2021.0
2024-10-28 13:36:25,5.0,KP98,,21.558,,2022.0
2024-10-28 13:36:45,5.0,KP98,,21.546,,2023.0
2024-10-28 13:37:00,5.0,KP98,,21.534000000000002,,2024.0
2024-10-28 13:38:00,5.0,KP98,,21.534000000000002,,2024.0
2024-10-28 13:38:02,5.0,KP98,,21.51,,2026.0
2024-10-28 13:38:25,5.0,KP98,,21.488,,2027.0
2024-10-28 13:38:45,5.0,KP98,,21.466,,2028.0
2024-10-28 13:39:00,5.0,KP98,,21.444,,2029.0
2024-10-28 13:40:00,5.0,KP98,,21.444,,2029.0
2024-10-28 13:40:02,5.0,KP98,,21.4,,2031.0
2024-10-28 13:40:25,5.0,KP98,,21.394,,2032.0
2024-10-28 13:40:45,5.0,KP98,,21.387999999999998,,2033.0
2024-10-28 13:41:00,5.0,KP98,,21.382,,2034.0
2024-10-28 13:42:00,5.0,KP98,,21.382,,2034.0
2024-10-28 13:42:02,5.0,KP98,,21.37,,2036.0
2024-10-28 13:42:25,5.0,KP98,,21.368000000000002,,2037.0
2024-10-28 13:42:45,5.0,KP98,,21.366,,2038.0
2024-10-28 13:43:00,5.0,KP98,,21.364,,2039.0
2024-10-28 13:44:00,5.0,KP98,,21.364,,2039.0
2024-10-28 13:44:02,5.0,KP98,,21.36,,2041.0
2024-10-28 13:44:25,5.0,KP98,,21.326,,2042.0
2024-10-28 13:44:45,5.0,KP98,,21.292,,2043.0
2024-10-28 13:45:00,5.0,KP98,,21.258,,2044.0
2024-10-28 13:46:00,5.0,KP98,,21.258,,2044.0
2024-10-28 13:46:02,5.0,KP98,,21.19,,2046.0
2024-10-28 13:46:25,5.0,KP98,,21.192,,2047.0
2024-10-28 13:46:45,5.0,KP98,,21.194,,2048.0
2024-10-28 13:47:00,5.0,KP98,,21.196,,2049.0
2024-10-28 13:48:00,5.0,KP98,,21.196,,2049.0
2024-10-28 13:48:02,5.0,KP98,,21.2,,2051.0
2024-10-28 13:48:25,5.0,KP98,,21.18,,2052.0
2024-10-28 13:48:45,5.0,KP98,,21.16,,2053.0
2024-10-28 13:49:00,5.0,KP98,,21.14,,2054.0
2024-10-28 13:50:00,5.0,KP98,,21.14,,2054.0
2024-10-28 13:50:02,5.0,KP98,,21.1,,2056.0
2024-10-28 13:50:25,5.0,KP98,,21.106,,2057.0
2024-10-28 13:50:45,5.0,KP98,,21.112000000000002,,2058.0
2024-10-28 13:51:00,5.0,KP98,,21.118,,2059.0
2024-10-28 13:52:00,5.0,KP98,,21.118,,2059.0
2024-10-28 13:52:02,5.0,KP98,,21.13,,2061.0
2024-10-28 13:52:25,5.0,KP98,,21.13,,2062.0
2024-10-28 13:52:45,5.0,KP98,,21.13,,2063.0
2024-10-28 13:53:00,5.0,KP98,,21.13,,2064.0
2024-10-28 13:54:00,5.0,KP98,,21.13,,2064.0
2024-10-28 13:54:02,5.0,KP98,,21.13,,2066.0
2024-10-28 13:54:25,5.0,KP98,,21.128,,2067.0
2024-10-28 13:54:45,5.0,KP98,,21.126,,2068.0
2024-10-28 13:55:00,5.0,KP98,,21.124,,2069.0
2024-10-28 13:56:00,5.0,KP98,,21.124,,2069.0
2024-10-28 13:56:02,5.0,KP98,,21.12,,2071.0
2024-10-28 13:56:25,5.0,KP98,,21.125,,2072.0
2024-10-28 13:56:45,5.0,KP98,,21.130000000000003,,2073.0
2024-10-28 13:58:00,5.0,KP98,,21.135,,2074.0
2024-10-28 13:58:02,5.0,KP98,,21.14,,2075.0
2024-10-28 13:58:25,5.0,KP98,,21.154,,2076.0
2024-10-28 13:58:45,5.0,KP98,,21.168,,2077.0
2024-10-28 13:59:00,5.0,KP98,,21.182000000000002,,2078.0
2024-10-28 14:00:00,5.0,KP98,,21.182000000000002,,2078.0
2024-10-28 14:00:02,5.0,KP98,,21.21,,2080.0
2024-10-28 14:00:25,5.0,KP98,,21.206,,2081.0
2024-10-28 14:00:45,5.0,KP98,,21.202,,2082.0
2024-10-28 14:01:00,5.0,KP98,,21.198,,2083.0
2024-10-28 14:02:00,5.0,KP98,,21.198,,2083.0
2024-10-28 14:02:02,5.0,KP98,,21.19,,2085.0
2024-10-28 14:02:25,5.0,KP98,,21.196,,2086.0
2024-10-28 14:02:45,5.0,KP98,,21.202,,2087.0
2024-10-28 14:03:00,5.0,KP98,,21.208,,2088.0
2024-10-28 14:04:00,5.0,KP98,,21.208,,2088.0
2024-10-28 14:04:02,5.0,KP98,,21.22,,2090.0
2024-10-28 14:04:25,5.0,KP98,,21.206,,2091.0
2024-10-28 14:04:45,5.0,KP98,,21.192,,2092.0
2024-10-28 14:05:00,5.0,KP98,,21.177999999999997,,2093.0
2024-10-28 14:06:00,5.0,KP98,,21.177999999999997,,2093.0
2024-10-28 14:06:02,5.0,KP98,,21.15,,2095.0
2024-10-28 14:06:25,5.0,KP98,,21.145999999999997,,2096.0
2024-10-28 14:06:45,5.0,KP98,,21.142,,2097.0
2024-10-28 14:07:00,5.0,KP98,,21.137999999999998,,2098.0
2024-10-28 14:08:00,5.0,KP98,,21.137999999999998,,2098.0
2024-10-28 14:08:02,5.0,KP98,,21.13,,2100.0
2024-10-28 14:08:25,5.0,KP98,,21.104,,2101.0
2024-10-28 14:08:45,5.0,KP98,,21.078,,2102.0
2024-10-28 14:09:00,5.0,KP98,,21.052,,2103.0
2024-10-28 14:10:00,5.0,KP98,,21.052,,2103.0
2024-10-28 14:10:02,5.0,KP98,,21.0,,2105.0
2024-10-28 14:10:25,5.0,KP98,,20.982,,2106.0
2024-10-28 14:10:45,5.0,KP98,,20.964,,2107.0
2024-10-28 14:11:00,5.0,KP98,,20.946,,2108.0
2024-10-28 14:12:00,5.0,KP98,,20.946,,2108.0
2024-10-28 14:12:02,5.0,KP98,,20.91,,2110.0
2024-10-28 14:12:25,5.0,KP98,,20.912,,2111.0
2024-10-28 14:12:45,5.0,KP98,,20.914,,2112.0
2024-10-28 14:13:00,5.0,KP98,,20.916,,2113.0
2024-10-28 14:14:00,5.0,KP98,,20.916,,2113.0
2024-10-28 14:14:02,5.0,KP98,,20.92,,2115.0
2024-10-28 14:14:25,5.0,KP98,,20.894000000000002,,2116.2
2024-10-28 14:14:45,5.0,KP98,,20.868000000000002,,2117.4
2024-10-28 14:15:00,5.0,KP98,,20.842,,2118.6
2024-10-28 14:16:00,5.0,KP98,,20.842,,2118.6
2024-10-28 14:16:02,5.0,KP98,,20.79,,2121.0
2024-10-28 14:16:25,5.0,KP98,,20.794999999999998,,2122.25
2024-10-28 14:16:45,5.0,KP98,,20.799999999999997,,2123.5
2024-10-28 14:18:00,5.0,KP98,,20.805,,2124.75
2024-10-28 14:18:02,5.0,KP98,,20.81,,2126.0
2024-10-28 14:18:25,5.0,KP98,,20.779999999999998,,2127.0
2024-10-28 14:18:45,5.0,KP98,,20.75,,2128.0
2024-10-28 14:19:00,5.0,KP98,,20.72,,2129.0
2024-10-28 14:20:00,5.0,KP98,,20.72,,2129.0
2024-10-28 14:20:02,5.0,KP98,,20.66,,2131.0
2024-10-28 14:20:25,5.0,KP98,,20.666,,2132.0
2024-10-28 14:20:45,5.0,KP98,,20.672,,2133.0
2024-10-28 14:21:00,5.0,KP98,,20.678,,2134.0
2024-10-28 14:22:00,5.0,KP98,,20.678,,2134.0
2024-10-28 14:22:02,5.0,KP98,,20.69,,2136.0
2024-10-28 14:22:25,5.0,KP98,,20.672,,2137.0
2024-10-28 14:22:45,5.0,KP98,,20.654,,2138.0
2024-10-28 14:23:00,5.0,KP98,,20.636000000000003,,2139.0
2024-10-28 14:24:00,5.0,KP98,,20.636000000000003,,2139.0
2024-10-28 14:24:02,5.0,KP98,,20.6,,2141.0
2024-10-28 14:24:25,5.0,KP98,,20.59,,2142.0
2024-10-28 14:24:45,5.0,KP98,,20.580000000000002,,2143.0
2024-10-28 14:25:00,5.0,KP98,,20.57,,2144.0
2024-10-28 14:26:00,5.0,KP98,,20.57,,2144.0
2024-10-28 14:26:02,5.0,KP98,,20.55,,2146.0
2024-10-28 14:26:25,5.0,KP98,,20.522000000000002,,2147.0
2024-10-28 14:26:45,5.0,KP98,,20.494,,2148.0
2024-10-28 14:27:00,5.0,KP98,,20.466,,2149.0
2024-10-28 14:28:00,5.0,KP98,,20.466,,2149.0
2024-10-28 14:28:02,5.0,KP98,,20.41,,2151.0
2024-10-28 14:28:25,5.0,KP98,,20.37,,2152.25
2024-10-28 14:28:45,5.0,KP98,,20.33,,2153.5
2024-10-28 14:30:00,5.0,KP98,,20.29,,2154.75
2024-10-28 14:30:02,5.0,KP98,,20.25,,2156.0
2024-10-28 14:30:25,5.0,KP98,,20.215,,2157.25
2024-10-28 14:30:45,5.0,KP98,,20.18,,2158.5
2024-10-28 14:32:00,5.0,KP98,,20.145,,2159.75
2024-10-28 14:32:02,5.0,KP98,,20.11,,2161.0
2024-10-28 14:32:25,5.0,KP98,,20.105999999999998,,2162.0
2024-10-28 14:32:45,5.0,KP98,,20.102,,2163.0
2024-10-28 14:33:00,5.0,KP98,,20.098,,2164.0
2024-10-28 14:34:00,5.0,KP98,,20.098,,2164.0
2024-10-28 14:34:02,5.0,KP98,,20.09,,2166.0
2024-10-28 14:34:25,5.0,KP98,,20.082,,2167.0
2024-10-28 14:34:45,5.0,KP98,,20.074,,2168.0
2024-10-28 14:35:00,5.0,KP98,,20.066,,2169.0
2024-10-28 14:36:00,5.0,KP98,,20.066,,2169.0
2024-10-28 14:36:02,5.0,KP98,,20.05,,2171.0
2024-10-28 14:36:25,5.0,KP98,,20.042,,2172.0
2024-10-28 14:36:45,5.0,KP98,,20.034000000000002,,2173.0
2024-10-28 14:37:00,5.0,KP98,,20.026,,2174.0
2024-10-28 14:38:00,5.0,KP98,,20.026,,2174.0
2024-10-28 14:38:02,5.0,KP98,,20.01,,2176.0
2024-10-28 14:38:25,5.0,KP98,,20.014000000000003,,2177.0
2024-10-28 14:38:45,5.0,KP98,,20.018,,2178.0
2024-10-28 14:39:00,5.0,KP98,,20.022000000000002,,2179.0
2024-10-28 14:40:00,5.0,KP98,,20.022000000000002,,2179.0
2024-10-28 14:40:02,5.0,KP98,,20.03,,2181.0
2024-10-28 14:40:25,5.0,KP98,,20.056,,2182.0
2024-10-28 14:40:45,5.0,KP98,,20.082,,2183.0
2024-10-28 14:41:00,5.0,KP98,,20.108,,2184.0
2024-10-28 14:42:00,5.0,KP98,,20.108,,2184.0
2024-10-28 14:42:02,5.0,KP98,,20.16,,2186.0
2024-10-28 14:42:25,5.0,KP98,,20.177500000000002,,2187.25
2024-10-28 14:42:45,5.0,KP98,,20.195,,2188.5
2024-10-28 14:44:00,5.0,KP98,,20.2125,,2189.75
2024-10-28 14:44:02,5.0,KP98,,20.23,,2191.0
2024-10-28 14:44:25,5.0,KP98,,20.234,,2192.0
2024-10-28 14:44:45,5.0,KP98,,20.238,,2193.0
2024-10-28 14:45:00,5.0,KP98,,20.242,,2194.0
2024-10-28 14:46:00,5.0,KP98,,20.242,,2194.0
2024-10-28 14:46:02,5.0,KP98,,20.25,,2196.0
2024-10-28 14:46:25,5.0,KP98,,20.262,,2197.0
2024-10-28 14:46:45,5.0,KP98,,20.274,,2198.0
2024-10-28 14:47:00,5.0,KP98,,20.285999999999998,,2199.0
2024-10-28 14:48:00,5.0,KP98,,20.285999999999998,,2199.0
2024-10-28 14:48:02,5.0,KP98,,20.31,,2201.0
2024-10-28 14:48:25,5.0,KP98,,20.314,,2202.0
2024-10-28 14:48:45,5.0,KP98,,20.317999999999998,,2203.0
2024-10-28 14:49:00,5.0,KP98,,20.322,,2204.0
2024-10-28 14:50:00,5.0,KP98,,20.322,,2204.0
2024-10-28 14:50:02,5.0,KP98,,20.33,,2206.0
2024-10-28 14:50:25,5.0,KP98,,20.32,,2207.0
2024-10-28 14:50:45,5.0,KP98,,20.31,,2208.0
2024-10-28 14:51:00,5.0,KP98,,20.3,,2209.0
2024-10-28 14:52:00,5.0,KP98,,20.3,,2209.0
2024-10-28 14:52:02,5.0,KP98,,20.28,,2211.0
2024-10-28 14:52:25,5.0,KP98,,20.28,,2212.0
2024-10-28 14:52:45,5.0,KP98,,20.28,,2213.0
2024-10-28 14:53:00,5.0,KP98,,20.28,,2214.0
2024-10-28 14:54:00,5.0,KP98,,20.28,,2214.0
2024-10-28 14:54:02,5.0,KP98,,20.28,,2216.0
2024-10-28 14:54:25,5.0,KP98,,20.276,,2217.0
2024-10-28 14:54:45,5.0,KP98,,20.272000000000002,,2218.0
2024-10-28 14:55:00,5.0,KP98,,20.268,,2219.0
2024-10-28 14:56:00,5.0,KP98,,20.268,,2219.0
2024-10-28 14:56:02,5.0,KP98,,20.26,,2221.0
2024-10-28 14:56:25,5.0,KP98,,20.244,,2222.0
2024-10-28 14:56:45,5.0,KP98,,20.228,,2223.0
2024-10-28 14:57:00,5.0,KP98,,20.212,,2224.0
2024-10-28 14:58:00,5.0,KP98,,20.212,,2224.0
2024-10-28 14:58:02,5.0,KP98,,20.18,,2226.0
2024-10-28 14:58:25,5.0,KP98,,20.174,,2227.0
2024-10-28 14:58:45,5.0,KP98,,20.168,,2228.0
2024-10-28 14:59:00,5.0,KP98,,20.162,,2229.0
2024-10-28 15:00:00,5.0,KP98,,20.162,,2229.0
2024-10-28 15:00:02,5.0,KP98,,20.15,,2231.0
2024-10-28 15:00:25,5.0,KP98,,20.14,,2232.0
2024-10-28 15:00:45,5.0,KP98,,20.13,,2233.0
2024-10-28 15:01:00,5.0,KP98,,20.12,,2234.0
2024-10-28 15:02:00,5.0,KP98,,20.12,,2234.0
2024-10-28 15:02:02,5.0,KP98,,20.1,,2236.0
2024-10-28 15:02:25,5.0,KP98,,20.086000000000002,,2237.0
2024-10-28 15:02:45,5.0,KP98,,20.072000000000003,,2238.0
2024-10-28 15:03:00,5.0,KP98,,20.058,,2239.0
2024-10-28 15:04:00,5.0,KP98,,20.058,,2239.0
2024-10-28 15:04:02,5.0,KP98,,20.03,,2241.0
2024-10-28 15:04:25,5.0,KP98,,20.02,,2242.0
2024-10-28 15:04:45,5.0,KP98,,20.01,,2243.0
2024-10-28 15:05:00,5.0,KP98,,20.0,,2244.0
2024-10-28 15:06:00,5.0,KP98,,20.0,,2244.0
2024-10-28 15:06:02,5.0,KP98,,19.98,,2246.0
2024-10-28 15:06:25,5.0,KP98,,19.974,,2247.0
2024-10-28 15:06:45,5.0,KP98,,19.968,,2248.0
2024-10-28 15:07:00,5.0,KP98,,19.962,,2249.0
2024-10-28 15:08:00,5.0,KP98,,19.962,,2249.0
2024-10-28 15:08:02,5.0,KP98,,19.95,,2251.0
2024-10-28 15:08:25,5.0,KP98,,19.948,,2252.0
2024-10-28 15:08:45,5.0,KP98,,19.946,,2253.0
2024-10-28 15:09:00,5.0,KP98,,19.944,,2254.0
2024-10-28 15:10:00,5.0,KP98,,19.944,,2254.0
2024-10-28 15:10:02,5.0,KP98,,19.94,,2256.0
2024-10-28 15:10:25,5.0,KP98,,19.922,,2257.0
2024-10-28 15:10:45,5.0,KP98,,19.904,,2258.0
2024-10-28 15:11:00,5.0,KP98,,19.886000000000003,,2259.0
2024-10-28 15:12:00,5.0,KP98,,19.886000000000003,,2259.0
2024-10-28 15:12:02,5.0,KP98,,19.85,,2261.0
2024-10-28 15:12:25,5.0,KP98,,19.848000000000003,,2262.0
2024-10-28 15:12:45,5.0,KP98,,19.846,,2263.0
2024-10-28 15:13:00,5.0,KP98,,19.844,,2264.0
2024-10-28 15:14:00,5.0,KP98,,19.844,,2264.0
2024-10-28 15:14:02,5.0,KP98,,19.84,,2266.0
2024-10-28 15:14:25,5.0,KP98,,19.716,,2267.0
2024-10-28 15:14:45,5.0,KP98,,19.592,,2268.0
2024-10-28 15:15:00,5.0,KP98,,19.468,,2269.0
2024-10-28 15:16:00,5.0,KP98,,19.468,,2269.0
2024-10-28 15:16:04,5.0,KP98,,19.22,,2271.0
2024-10-28 15:16:25,5.0,KP98,,19.29,,2272.0
2024-10-28 15:16:47,5.0,KP98,,19.36,,2273.0
2024-10-28 15:17:00,5.0,KP98,,19.43,,2274.0
2024-10-28 15:18:00,5.0,KP98,,19.43,,2274.0
2024-10-28 15:18:02,5.0,KP98,,19.57,,2276.0
2024-10-28 15:18:25,5.0,KP98,,19.56,,2277.0
2024-10-28 15:18:45,5.0,KP98,,19.55,,2278.0
2024-10-28 15:19:00,5.0,KP98,,19.54,,2279.0
2024-10-28 15:20:00,5.0,KP98,,19.54,,2279.0
2024-10-28 15:20:02,5.0,KP98,,19.52,,2281.0
2024-10-28 15:20:25,5.0,KP98,,19.5125,,2282.25
2024-10-28 15:20:45,5.0,KP98,,19.505,,2283.5
2024-10-28 15:22:00,5.0,KP98,,19.4975,,2284.75
2024-10-28 15:22:02,5.0,KP98,,19.49,,2286.0
2024-10-28 15:22:25,5.0,KP98,,19.595,,2287.25
2024-10-28 15:22:45,5.0,KP98,,19.7,,2288.5
2024-10-28 15:24:00,5.0,KP98,,19.805,,2289.75
2024-10-28 15:24:02,5.0,KP98,,19.91,,2291.0
2024-10-28 15:24:25,5.0,KP98,,19.914,,2292.0
2024-10-28 15:24:45,5.0,KP98,,19.918,,2293.0
2024-10-28 15:25:00,5.0,KP98,,19.922,,2294.0
2024-10-28 15:26:00,5.0,KP98,,19.922,,2294.0
2024-10-28 15:26:02,5.0,KP98,,19.93,,2296.0
2024-10-28 15:26:25,5.0,KP98,,19.94,,2297.0
2024-10-28 15:26:45,5.0,KP98,,19.95,,2298.0
2024-10-28 15:27:00,5.0,KP98,,19.96,,2299.0
2024-10-28 15:28:00,5.0,KP98,,19.96,,2299.0
2024-10-28 15:28:02,5.0,KP98,,19.98,,2301.0
2024-10-28 15:28:25,5.0,KP98,,19.974,,2302.0
2024-10-28 15:28:45,5.0,KP98,,19.968,,2303.0
2024-10-28 15:29:00,5.0,KP98,,19.962,,2304.0
2024-10-28 15:30:00,5.0,KP98,,19.962,,2304.0
2024-10-28 15:30:02,5.0,KP98,,19.95,,2306.0
2024-10-28 15:30:25,5.0,KP98,,19.986,,2307.0
2024-10-28 15:30:45,5.0,KP98,,20.022,,2308.0
2024-10-28 15:31:00,5.0,KP98,,20.058,,2309.0
2024-10-28 15:32:00,5.0,KP98,,20.058,,2309.0
2024-10-28 15:32:02,5.0,KP98,,20.13,,2311.0
2024-10-28 15:32:25,5.0,KP98,,20.124,,2312.0
2024-10-28 15:32:47,5.0,KP98,,20.118,,2313.0
2024-10-28 15:33:00,5.0,KP98,,20.112000000000002,,2314.0
2024-10-28 15:34:00,5.0,KP98,,20.112000000000002,,2314.0
2024-10-28 15:34:02,5.0,KP98,,20.1,,2316.0
2024-10-28 15:34:25,5.0,KP98,,20.104000000000003,,2317.0
2024-10-28 15:34:45,5.0,KP98,,20.108,,2318.0
2024-10-28 15:35:00,5.0,KP98,,20.112000000000002,,2319.0
2024-10-28 15:36:00,5.0,KP98,,20.112000000000002,,2319.0
2024-10-28 15:36:02,5.0,KP98,,20.12,,2321.0
2024-10-28 15:36:25,5.0,KP98,,20.095,,2322.25
2024-10-28 15:36:45,5.0,KP98,,20.07,,2323.5
2024-10-28 15:37:00,5.0,KP98,,20.045,,2324.75
2024-10-28 15:38:02,5.0,KP98,,20.02,,2326.0
2024-10-28 15:38:25,5.0,KP98,,20.024,,2327.0
2024-10-28 15:38:45,5.0,KP98,,20.028,,2328.0
2024-10-28 15:39:00,5.0,KP98,,20.032,,2329.0
2024-10-28 15:40:00,5.0,KP98,,20.032,,2329.0
2024-10-28 15:40:02,5.0,KP98,,20.04,,2331.0
2024-10-28 15:40:25,5.0,KP98,,20.02,,2332.0
2024-10-28 15:40:45,5.0,KP98,,20.0,,2333.0
2024-10-28 15:41:00,5.0,KP98,,19.98,,2334.0
2024-10-28 15:42:00,5.0,KP98,,19.98,,2334.0
2024-10-28 15:42:02,5.0,KP98,,19.94,,2336.0
2024-10-28 15:42:25,5.0,KP98,,19.9225,,2337.25
2024-10-28 15:42:45,5.0,KP98,,19.905,,2338.5
2024-10-28 15:44:00,5.0,KP98,,19.887500000000003,,2339.75
2024-10-28 15:44:02,5.0,KP98,,19.87,,2341.0
2024-10-28 15:44:25,5.0,KP98,,19.85,,2342.0
2024-10-28 15:44:45,5.0,KP98,,19.830000000000002,,2343.0
2024-10-28 15:45:00,5.0,KP98,,19.81,,2344.0
2024-10-28 15:46:00,5.0,KP98,,19.81,,2344.0
2024-10-28 15:46:02,5.0,KP98,,19.77,,2346.0
2024-10-28 15:46:25,5.0,KP98,,19.759999999999998,,2347.0
2024-10-28 15:46:45,5.0,KP98,,19.75,,2348.0
2024-10-28 15:47:00,5.0,KP98,,19.74,,2349.0
2024-10-28 15:48:00,5.0,KP98,,19.74,,2349.0
2024-10-28 15:48:02,5.0,KP98,,19.72,,2351.0
2024-10-28 15:48:25,5.0,KP98,,19.706,,2352.0
2024-10-28 15:48:45,5.0,KP98,,19.692,,2353.0
2024-10-28 15:49:00,5.0,KP98,,19.677999999999997,,2354.0
2024-10-28 15:50:00,5.0,KP98,,19.677999999999997,,2354.0
2024-10-28 15:50:02,5.0,KP98,,19.65,,2356.0
2024-10-28 15:50:25,5.0,KP98,,19.657999999999998,,2357.0
2024-10-28 15:50:45,5.0,KP98,,19.666,,2358.0
2024-10-28 15:51:00,5.0,KP98,,19.674,,2359.0
2024-10-28 15:52:00,5.0,KP98,,19.674,,2359.0
2024-10-28 15:52:02,5.0,KP98,,19.69,,2361.0
2024-10-28 15:52:25,5.0,KP98,,19.686,,2362.0
2024-10-28 15:52:45,5.0,KP98,,19.682000000000002,,2363.0
2024-10-28 15:53:00,5.0,KP98,,19.678,,2364.0
2024-10-28 15:54:00,5.0,KP98,,19.678,,2364.0
2024-10-28 15:54:02,5.0,KP98,,19.67,,2366.0
2024-10-28 15:54:25,5.0,KP98,,19.662000000000003,,2367.0
2024-10-28 15:54:45,5.0,KP98,,19.654,,2368.0
2024-10-28 15:55:00,5.0,KP98,,19.646,,2369.0
2024-10-28 15:56:00,5.0,KP98,,19.646,,2369.0
2024-10-28 15:56:02,5.0,KP98,,19.63,,2371.0
2024-10-28 15:56:25,5.0,KP98,,19.625999999999998,,2372.0
2024-10-28 15:56:45,5.0,KP98,,19.622,,2373.0
2024-10-28 15:57:00,5.0,KP98,,19.618,,2374.0
2024-10-28 15:58:00,5.0,KP98,,19.618,,2374.0
2024-10-28 15:58:02,5.0,KP98,,19.61,,2376.0
2024-10-28 15:58:25,5.0,KP98,,19.596,,2377.0
2024-10-28 15:58:45,5.0,KP98,,19.582,,2378.0
2024-10-28 15:59:00,5.0,KP98,,19.567999999999998,,2379.0
2024-10-28 16:00:00,5.0,KP98,,19.567999999999998,,2379.0
2024-10-28 16:00:02,5.0,KP98,,19.54,,2381.0
2024-10-28 16:00:25,5.0,KP98,,19.518,,2382.0
2024-10-28 16:00:45,5.0,KP98,,19.496,,2383.0
2024-10-28 16:01:00,5.0,KP98,,19.474,,2384.0
2024-10-28 16:02:00,5.0,KP98,,19.474,,2384.0
2024-10-28 16:02:02,5.0,KP98,,19.43,,2386.0
2024-10-28 16:02:25,5.0,KP98,,19.418,,2387.0
2024-10-28 16:02:45,5.0,KP98,,19.406,,2388.0
2024-10-28 16:03:00,5.0,KP98,,19.394000000000002,,2389.0
2024-10-28 16:04:00,5.0,KP98,,19.394000000000002,,2389.0
2024-10-28 16:04:02,5.0,KP98,,19.37,,2391.0
2024-10-28 16:04:25,5.0,KP98,,19.37,,2392.25
2024-10-28 16:04:45,5.0,KP98,,19.37,,2393.5
2024-10-28 16:06:00,5.0,KP98,,19.37,,2394.75
2024-10-28 16:06:02,5.0,KP98,,19.37,,2396.0
2024-10-28 16:06:25,5.0,KP98,,19.352,,2397.0
2024-10-28 16:06:45,5.0,KP98,,19.334,,2398.0
2024-10-28 16:07:00,5.0,KP98,,19.316000000000003,,2399.0
2024-10-28 16:08:00,5.0,KP98,,19.316000000000003,,2399.0
2024-10-28 16:08:02,5.0,KP98,,19.28,,2401.0
2024-10-28 16:08:25,5.0,KP98,,19.276,,2402.0
2024-10-28 16:08:45,5.0,KP98,,19.272000000000002,,2403.0
2024-10-28 16:09:00,5.0,KP98,,19.268,,2404.0
2024-10-28 16:10:00,5.0,KP98,,19.268,,2404.0
2024-10-28 16:10:02,5.0,KP98,,19.26,,2406.0
2024-10-28 16:10:25,5.0,KP98,,19.154,,2407.0
2024-10-28 16:10:47,5.0,KP98,,19.048000000000002,,2408.0
2024-10-28 16:11:00,5.0,KP98,,18.942,,2409.0
2024-10-28 16:12:00,5.0,KP98,,18.942,,2409.0
2024-10-28 16:12:04,5.0,KP98,,18.73,,2411.0
2024-10-28 16:12:25,5.0,KP98,,18.678,,2412.0
2024-10-28 16:12:47,5.0,KP98,,18.626,,2413.0
2024-10-28 16:13:00,5.0,KP98,,18.573999999999998,,2414.0
2024-10-28 16:14:00,5.0,KP98,,18.573999999999998,,2414.0
2024-10-28 16:14:02,5.0,KP98,,18.47,,2416.0
2024-10-28 16:14:25,5.0,KP98,,18.465999999999998,,2417.0
2024-10-28 16:14:45,5.0,KP98,,18.462,,2418.0
2024-10-28 16:15:00,5.0,KP98,,18.458,,2419.0
2024-10-28 16:16:00,5.0,KP98,,18.458,,2419.0
2024-10-28 16:16:02,5.0,KP98,,18.45,,2421.0
2024-10-28 16:16:25,5.0,KP98,,18.428,,2422.0
2024-10-28 16:16:45,5.0,KP98,,18.406,,2423.0
2024-10-28 16:17:00,5.0,KP98,,18.384,,2424.0
2024-10-28 16:18:00,5.0,KP98,,18.384,,2424.0
2024-10-28 16:18:02,5.0,KP98,,18.34,,2426.0
2024-10-28 16:18:25,5.0,KP98,,18.338,,2427.0
2024-10-28 16:18:45,5.0,KP98,,18.336,,2428.0
2024-10-28 16:19:00,5.0,KP98,,18.334,,2429.0
2024-10-28 16:20:00,5.0,KP98,,18.334,,2429.0
2024-10-28 16:20:02,5.0,KP98,,18.33,,2431.0
2024-10-28 16:20:25,5.0,KP98,,18.322,,2432.0
2024-10-28 16:20:45,5.0,KP98,,18.314,,2433.0
2024-10-28 16:21:00,5.0,KP98,,18.305999999999997,,2434.0
2024-10-28 16:22:00,5.0,KP98,,18.305999999999997,,2434.0
2024-10-28 16:22:02,5.0,KP98,,18.29,,2436.0
2024-10-28 16:22:25,5.0,KP98,,18.291999999999998,,2437.0
2024-10-28 16:22:45,5.0,KP98,,18.294,,2438.0
2024-10-28 16:23:00,5.0,KP98,,18.296,,2439.0
2024-10-28 16:24:00,5.0,KP98,,18.296,,2439.0
2024-10-28 16:24:02,5.0,KP98,,18.3,,2441.0
2024-10-28 16:24:25,5.0,KP98,,18.284,,2442.0
2024-10-28 16:24:45,5.0,KP98,,18.268,,2443.0
2024-10-28 16:25:00,5.0,KP98,,18.252,,2444.0
2024-10-28 16:26:00,5.0,KP98,,18.252,,2444.0
2024-10-28 16:26:02,5.0,KP98,,18.22,,2446.0
2024-10-28 16:26:25,5.0,KP98,,18.157999999999998,,2447.0
2024-10-28 16:26:47,5.0,KP98,,18.096,,2448.0
2024-10-28 16:27:00,5.0,KP98,,18.034,,2449.0
2024-10-28 16:28:00,5.0,KP98,,18.034,,2449.0
2024-10-28 16:28:02,5.0,KP98,,17.91,,2451.0
2024-10-28 16:28:25,5.0,KP98,,17.925,,2452.0
2024-10-28 16:28:45,5.0,KP98,,17.939999999999998,,2453.0
2024-10-28 16:30:00,5.0,KP98,,17.955,,2454.0
2024-10-28 16:30:02,5.0,KP98,,17.97,,2455.0
2024-10-28 16:30:25,5.0,KP98,,18.076,,2456.0
2024-10-28 16:30:47,5.0,KP98,,18.182,,2457.0
2024-10-28 16:31:00,5.0,KP98,,18.288,,2458.0
2024-10-28 16:32:00,5.0,KP98,,18.288,,2458.0
2024-10-28 16:32:04,5.0,KP98,,18.5,,2460.0
2024-10-28 16:32:25,5.0,KP98,,18.4975,,2461.0
2024-10-28 16:32:47,5.0,KP98,,18.494999999999997,,2462.0
2024-10-28 16:34:00,5.0,KP98,,18.4925,,2463.0
2024-10-28 16:34:02,5.0,KP98,,18.49,,2464.0
2024-10-28 16:34:25,5.0,KP98,,18.468,,2465.0
2024-10-28 16:34:45,5.0,KP98,,18.445999999999998,,2466.0
2024-10-28 16:35:00,5.0,KP98,,18.424,,2467.0
2024-10-28 16:36:00,5.0,KP98,,18.424,,2467.0
2024-10-28 16:36:02,5.0,KP98,,18.38,,2469.0
2024-10-28 16:36:25,5.0,KP98,,18.374,,2470.0
2024-10-28 16:36:45,5.0,KP98,,18.368,,2471.0
2024-10-28 16:37:00,5.0,KP98,,18.362000000000002,,2472.0
2024-10-28 16:38:00,5.0,KP98,,18.362000000000002,,2472.0
2024-10-28 16:38:02,5.0,KP98,,18.35,,2474.0
2024-10-28 16:38:25,5.0,KP98,,18.354000000000003,,2475.0
2024-10-28 16:38:45,5.0,KP98,,18.358,,2476.0
2024-10-28 16:39:00,5.0,KP98,,18.362000000000002,,2477.0
2024-10-28 16:40:00,5.0,KP98,,18.362000000000002,,2477.0
2024-10-28 16:40:02,5.0,KP98,,18.37,,2479.0
2024-10-28 16:40:25,5.0,KP98,,18.436,,2480.0
2024-10-28 16:40:45,5.0,KP98,,18.502,,2481.0
2024-10-28 16:41:00,5.0,KP98,,18.568,,2482.0
2024-10-28 16:42:00,5.0,KP98,,18.568,,2482.0
2024-10-28 16:42:02,5.0,KP98,,18.7,,2484.0
2024-10-28 16:42:25,5.0,KP98,,18.735,,2485.0
2024-10-28 16:42:45,5.0,KP98,,18.77,,2486.0
2024-10-28 16:44:00,5.0,KP98,,18.805,,2487.0
2024-10-28 16:44:02,5.0,KP98,,18.84,,2488.0
2024-10-28 16:44:25,5.0,KP98,,18.834,,2489.0
2024-10-28 16:44:45,5.0,KP98,,18.828,,2490.0
2024-10-28 16:45:00,5.0,KP98,,18.822,,2491.0
2024-10-28 16:46:00,5.0,KP98,,18.822,,2491.0
2024-10-28 16:46:02,5.0,KP98,,18.81,,2493.0
2024-10-28 16:46:25,5.0,KP98,,18.808,,2494.0
2024-10-28 16:46:45,5.0,KP98,,18.806,,2495.0
2024-10-28 16:47:00,5.0,KP98,,18.804,,2496.0
2024-10-28 16:48:00,5.0,KP98,,18.804,,2496.0
2024-10-28 16:48:02,5.0,KP98,,18.8,,2498.0
2024-10-28 16:48:25,5.0,KP98,,18.78,,2499.25
2024-10-28 16:48:45,5.0,KP98,,18.759999999999998,,2500.5
2024-10-28 16:50:00,5.0,KP98,,18.74,,2501.75
2024-10-28 16:50:02,5.0,KP98,,18.72,,2503.0
2024-10-28 16:50:25,5.0,KP98,,18.695999999999998,,2504.0
2024-10-28 16:50:45,5.0,KP98,,18.672,,2505.0
2024-10-28 16:51:00,5.0,KP98,,18.648,,2506.0
2024-10-28 16:52:00,5.0,KP98,,18.648,,2506.0
2024-10-28 16:52:02,5.0,KP98,,18.6,,2508.0
2024-10-28 16:52:25,5.0,KP98,,18.57,,2509.0
2024-10-28 16:52:45,5.0,KP98,,18.54,,2510.0
2024-10-28 16:53:00,5.0,KP98,,18.51,,2511.0
2024-10-28 16:54:00,5.0,KP98,,18.51,,2511.0
2024-10-28 16:54:02,5.0,KP98,,18.45,,2513.0
2024-10-28 16:54:25,5.0,KP98,,18.439999999999998,,2514.0
2024-10-28 16:54:45,5.0,KP98,,18.43,,2515.0
2024-10-28 16:55:00,5.0,KP98,,18.419999999999998,,2516.0
2024-10-28 16:56:00,5.0,KP98,,18.419999999999998,,2516.0
2024-10-28 16:56:02,5.0,KP98,,18.4,,2518.0
2024-10-28 16:56:25,5.0,KP98,,18.375,,2519.0
2024-10-28 16:56:45,5.0,KP98,,18.35,,2520.0
2024-10-28 16:58:00,5.0,KP98,,18.325,,2521.0
2024-10-28 16:58:02,5.0,KP98,,18.3,,2522.0
2024-10-28 16:58:25,5.0,KP98,,18.298000000000002,,2523.0
2024-10-28 16:58:45,5.0,KP98,,18.296,,2524.0
2024-10-28 16:59:00,5.0,KP98,,18.294,,2525.0
2024-10-28 17:00:00,5.0,KP98,,18.294,,2525.0
2024-10-28 17:00:02,5.0,KP98,,18.29,,2527.0
2024-10-28 17:00:25,5.0,KP98,,18.275,,2528.25
2024-10-28 17:00:45,5.0,KP98,,18.259999999999998,,2529.5
2024-10-28 17:02:00,5.0,KP98,,18.245,,2530.75
2024-10-28 17:02:02,5.0,KP98,,18.23,,2532.0
2024-10-28 17:02:25,5.0,KP98,,18.218,,2533.0
2024-10-28 17:02:45,5.0,KP98,,18.206,,2534.0
2024-10-28 17:03:00,5.0,KP98,,18.194000000000003,,2535.0
2024-10-28 17:04:00,5.0,KP98,,18.194000000000003,,2535.0
2024-10-28 17:04:02,5.0,KP98,,18.17,,2537.0
2024-10-28 17:04:25,5.0,KP98,,18.176000000000002,,2538.0
2024-10-28 17:04:45,5.0,KP98,,18.182000000000002,,2539.0
2024-10-28 17:05:00,5.0,KP98,,18.188,,2540.0
2024-10-28 17:06:00,5.0,KP98,,18.188,,2540.0
2024-10-28 17:06:02,5.0,KP98,,18.2,,2542.0
2024-10-28 17:06:25,5.0,KP98,,18.192,,2543.0
2024-10-28 17:06:45,5.0,KP98,,18.184,,2544.0
2024-10-28 17:07:00,5.0,KP98,,18.176,,2545.0
2024-10-28 17:08:00,5.0,KP98,,18.176,,2545.0
2024-10-28 17:08:02,5.0,KP98,,18.16,,2547.0
2024-10-28 17:08:25,5.0,KP98,,18.164,,2548.0
2024-10-28 17:08:45,5.0,KP98,,18.168,,2549.0
2024-10-28 17:09:00,5.0,KP98,,18.172,,2550.0
2024-10-28 17:10:00,5.0,KP98,,18.172,,2550.0
2024-10-28 17:10:02,5.0,KP98,,18.18,,2552.0
2024-10-28 17:10:25,5.0,KP98,,18.166,,2553.0
2024-10-28 17:10:45,5.0,KP98,,18.152,,2554.0
2024-10-28 17:11:00,5.0,KP98,,18.137999999999998,,2555.0
2024-10-28 17:12:00,5.0,KP98,,18.137999999999998,,2555.0
2024-10-28 17:12:02,5.0,KP98,,18.11,,2557.0
2024-10-28 17:12:25,5.0,KP98,,18.11,,2558.25
2024-10-28 17:12:45,5.0,KP98,,18.11,,2559.5
2024-10-28 17:14:00,5.0,KP98,,18.11,,2560.75
2024-10-28 17:14:02,5.0,KP98,,18.11,,2562.0
2024-10-28 17:14:25,5.0,KP98,,18.105999999999998,,2563.0
2024-10-28 17:14:45,5.0,KP98,,18.102,,2564.0
2024-10-28 17:15:00,5.0,KP98,,18.098,,2565.0
2024-10-28 17:16:00,5.0,KP98,,18.098,,2565.0
2024-10-28 17:16:02,5.0,KP98,,18.09,,2567.0
2024-10-28 17:16:25,5.0,KP98,,18.0775,,2568.25
2024-10-28 17:16:45,5.0,KP98,,18.064999999999998,,2569.5
2024-10-28 17:18:00,5.0,KP98,,18.0525,,2570.75
2024-10-28 17:18:02,5.0,KP98,,18.04,,2572.0
2024-10-28 17:18:25,5.0,KP98,,18.035999999999998,,2573.0
2024-10-28 17:18:45,5.0,KP98,,18.032,,2574.0
2024-10-28 17:19:00,5.0,KP98,,18.028,,2575.0
2024-10-28 17:20:00,5.0,KP98,,18.028,,2575.0
2024-10-28 17:20:02,5.0,KP98,,18.02,,2577.0
2024-10-28 17:20:25,5.0,KP98,,18.008,,2578.0
2024-10-28 17:20:45,5.0,KP98,,17.996,,2579.0
2024-10-28 17:21:00,5.0,KP98,,17.984,,2580.0
2024-10-28 17:22:00,5.0,KP98,,17.984,,2580.0
2024-10-28 17:22:02,5.0,KP98,,17.96,,2582.0
2024-10-28 17:22:25,5.0,KP98,,17.95,,2583.0
2024-10-28 17:22:45,5.0,KP98,,17.94,,2584.0
2024-10-28 17:23:00,5.0,KP98,,17.93,,2585.0
2024-10-28 17:24:00,5.0,KP98,,17.93,,2585.0
2024-10-28 17:24:02,5.0,KP98,,17.91,,2587.0
2024-10-28 17:24:25,5.0,KP98,,17.8925,,2588.25
2024-10-28 17:24:45,5.0,KP98,,17.875,,2589.5
2024-10-28 17:26:00,5.0,KP98,,17.8575,,2590.75
2024-10-28 17:26:02,5.0,KP98,,17.84,,2592.0
2024-10-28 17:26:25,5.0,KP98,,17.828,,2593.0
2024-10-28 17:26:45,5.0,KP98,,17.816,,2594.0
2024-10-28 17:27:00,5.0,KP98,,17.804000000000002,,2595.0
2024-10-28 17:28:00,5.0,KP98,,17.804000000000002,,2595.0
2024-10-28 17:28:02,5.0,KP98,,17.78,,2597.0
2024-10-28 17:28:25,5.0,KP98,,17.786,,2598.0
2024-10-28 17:28:45,5.0,KP98,,17.792,,2599.0
2024-10-28 17:29:00,5.0,KP98,,17.798,,2600.0
2024-10-28 17:30:00,5.0,KP98,,17.798,,2600.0
2024-10-28 17:30:02,5.0,KP98,,17.81,,2602.0
2024-10-28 17:30:25,5.0,KP98,,17.82,,2603.0
2024-10-28 17:30:45,5.0,KP98,,17.83,,2604.0
2024-10-28 17:32:00,5.0,KP98,,17.84,,2605.0
2024-10-28 17:32:02,5.0,KP98,,17.85,,2606.0
2024-10-28 17:32:25,5.0,KP98,,17.848000000000003,,2607.0
2024-10-28 17:32:45,5.0,KP98,,17.846,,2608.0
2024-10-28 17:33:00,5.0,KP98,,17.844,,2609.0
2024-10-28 17:34:00,5.0,KP98,,17.844,,2609.0
2024-10-28 17:34:02,5.0,KP98,,17.84,,2611.0
2024-10-28 17:34:25,5.0,KP98,,17.86,,2612.0
2024-10-28 17:34:45,5.0,KP98,,17.88,,2613.0
2024-10-28 17:35:00,5.0,KP98,,17.900000000000002,,2614.0
2024-10-28 17:36:00,5.0,KP98,,17.900000000000002,,2614.0
2024-10-28 17:36:02,5.0,KP98,,17.94,,2616.0
2024-10-28 17:36:25,5.0,KP98,,17.978,,2617.0
2024-10-28 17:36:45,5.0,KP98,,18.016000000000002,,2618.0
2024-10-28 17:37:00,5.0,KP98,,18.054,,2619.0
2024-10-28 17:38:00,5.0,KP98,,18.054,,2619.0
2024-10-28 17:38:02,5.0,KP98,,18.13,,2621.0
2024-10-28 17:38:25,5.0,KP98,,18.13,,2622.0
2024-10-28 17:38:45,5.0,KP98,,18.13,,2623.0
2024-10-28 17:39:00,5.0,KP98,,18.13,,2624.0
2024-10-28 17:40:00,5.0,KP98,,18.13,,2624.0
2024-10-28 17:40:02,5.0,KP98,,18.13,,2626.0
2024-10-28 17:40:25,5.0,KP98,,18.084,,2627.0
2024-10-28 17:40:45,5.0,KP98,,18.038,,2628.0
2024-10-28 17:41:00,5.0,KP98,,17.991999999999997,,2629.0
2024-10-28 17:42:00,5.0,KP98,,17.991999999999997,,2629.0
2024-10-28 17:42:02,5.0,KP98,,17.9,,2631.0
2024-10-28 17:42:25,5.0,KP98,,17.872,,2632.0
2024-10-28 17:42:45,5.0,KP98,,17.844,,2633.0
2024-10-28 17:43:00,5.0,KP98,,17.816,,2634.0
2024-10-28 17:44:00,5.0,KP98,,17.816,,2634.0
2024-10-28 17:44:02,5.0,KP98,,17.76,,2636.0
2024-10-28 17:44:25,5.0,KP98,,17.75,,2637.0
2024-10-28 17:44:45,5.0,KP98,,17.740000000000002,,2638.0
2024-10-28 17:45:00,5.0,KP98,,17.73,,2639.0
2024-10-28 17:46:00,5.0,KP98,,17.73,,2639.0
2024-10-28 17:46:02,5.0,KP98,,17.71,,2641.0
2024-10-28 17:46:25,5.0,KP98,,17.696,,2642.0
2024-10-28 17:46:45,5.0,KP98,,17.682000000000002,,2643.0
2024-10-28 17:47:00,5.0,KP98,,17.668,,2644.0
2024-10-28 17:48:00,5.0,KP98,,17.668,,2644.0
2024-10-28 17:48:02,5.0,KP98,,17.64,,2646.0
2024-10-28 17:48:25,5.0,KP98,,17.636,,2647.0
2024-10-28 17:48:45,5.0,KP98,,17.632,,2648.0
2024-10-28 17:49:00,5.0,KP98,,17.628,,2649.0
2024-10-28 17:50:00,5.0,KP98,,17.628,,2649.0
2024-10-28 17:50:02,5.0,KP98,,17.62,,2651.0
2024-10-28 17:50:25,5.0,KP98,,17.628,,2652.0
2024-10-28 17:50:45,5.0,KP98,,17.636,,2653.0
2024-10-28 17:51:00,5.0,KP98,,17.644000000000002,,2654.0
2024-10-28 17:52:00,5.0,KP98,,17.644000000000002,,2654.0
2024-10-28 17:52:02,5.0,KP98,,17.66,,2656.0
2024-10-28 17:52:25,5.0,KP98,,17.654,,2657.0
2024-10-28 17:52:45,5.0,KP98,,17.648,,2658.0
2024-10-28 17:53:00,5.0,KP98,,17.642,,2659.0
2024-10-28 17:54:00,5.0,KP98,,17.642,,2659.0
2024-10-28 17:54:02,5.0,KP98,,17.63,,2661.0
2024-10-28 17:54:25,5.0,KP98,,17.627499999999998,,2662.25
2024-10-28 17:54:45,5.0,KP98,,17.625,,2663.5
2024-10-28 17:56:00,5.0,KP98,,17.622500000000002,,2664.75
2024-10-28 17:56:02,5.0,KP98,,17.62,,2666.0
2024-10-28 17:56:25,5.0,KP98,,17.622,,2667.0
2024-10-28 17:56:45,5.0,KP98,,17.624,,2668.0
2024-10-28 17:57:00,5.0,KP98,,17.626,,2669.0
2024-10-28 17:58:00,5.0,KP98,,17.626,,2669.0
2024-10-28 17:58:02,5.0,KP98,,17.63,,2671.0
2024-10-28 17:58:25,5.0,KP98,,17.625,,2672.25
2024-10-28 17:58:45,5.0,KP98,,17.619999999999997,,2673.5
2024-10-28 18:00:00,5.0,KP98,,17.615,,2674.75
2024-10-28 18:00:02,5.0,KP98,,17.61,,2676.0
2024-10-28 18:00:25,5.0,KP98,,17.599999999999998,,2677.0
2024-10-28 18:00:45,5.0,KP98,,17.59,,2678.0
2024-10-28 18:01:00,5.0,KP98,,17.58,,2679.0
2024-10-28 18:02:00,5.0,KP98,,17.58,,2679.0
2024-10-28 18:02:02,5.0,KP98,,17.56,,2681.0
2024-10-28 18:02:25,5.0,KP98,,17.546,,2682.0
2024-10-28 18:02:45,5.0,KP98,,17.532,,2683.0
2024-10-28 18:03:00,5.0,KP98,,17.517999999999997,,2684.0
2024-10-28 18:04:00,5.0,KP98,,17.517999999999997,,2684.0
2024-10-28 18:04:02,5.0,KP98,,17.49,,2686.0
2024-10-28 18:04:25,5.0,KP98,,17.5,,2687.25
2024-10-28 18:04:45,5.0,KP98,,17.509999999999998,,2688.5
2024-10-28 18:06:00,5.0,KP98,,17.52,,2689.75
2024-10-28 18:06:02,5.0,KP98,,17.53,,2691.0
2024-10-28 18:06:25,5.0,KP98,,17.517500000000002,,2692.25
2024-10-28 18:06:45,5.0,KP98,,17.505000000000003,,2693.5
2024-10-28 18:08:00,5.0,KP98,,17.4925,,2694.75
2024-10-28 18:08:02,5.0,KP98,,17.48,,2696.0
2024-10-28 18:08:25,5.0,KP98,,17.474,,2697.0
2024-10-28 18:08:45,5.0,KP98,,17.468,,2698.0
2024-10-28 18:09:00,5.0,KP98,,17.462,,2699.0
2024-10-28 18:10:00,5.0,KP98,,17.462,,2699.0
2024-10-28 18:10:02,5.0,KP98,,17.45,,2701.0
2024-10-28 18:10:25,5.0,KP98,,17.436,,2702.0
2024-10-28 18:10:45,5.0,KP98,,17.422,,2703.0
2024-10-28 18:11:00,5.0,KP98,,17.407999999999998,,2704.0
2024-10-28 18:12:00,5.0,KP98,,17.407999999999998,,2704.0
2024-10-28 18:12:02,5.0,KP98,,17.38,,2706.0
2024-10-28 18:12:25,5.0,KP98,,17.381999999999998,,2707.0
2024-10-28 18:12:45,5.0,KP98,,17.384,,2708.0
2024-10-28 18:13:00,5.0,KP98,,17.386,,2709.0
2024-10-28 18:14:00,5.0,KP98,,17.386,,2709.0
2024-10-28 18:14:02,5.0,KP98,,17.39,,2711.0
2024-10-28 18:14:25,5.0,KP98,,17.37,,2712.25
2024-10-28 18:14:45,5.0,KP98,,17.35,,2713.5
2024-10-28 18:16:00,5.0,KP98,,17.33,,2714.75
2024-10-28 18:16:02,5.0,KP98,,17.31,,2716.0
2024-10-28 18:16:25,5.0,KP98,,17.3,,2717.0
2024-10-28 18:16:45,5.0,KP98,,17.29,,2718.0
2024-10-28 18:17:00,5.0,KP98,,17.28,,2719.0
2024-10-28 18:18:00,5.0,KP98,,17.28,,2719.0
2024-10-28 18:18:02,5.0,KP98,,17.26,,2721.0
2024-10-28 18:18:25,5.0,KP98,,17.272000000000002,,2722.0
2024-10-28 18:18:45,5.0,KP98,,17.284000000000002,,2723.0
2024-10-28 18:19:00,5.0,KP98,,17.296,,2724.0
2024-10-28 18:20:00,5.0,KP98,,17.296,,2724.0
2024-10-28 18:20:02,5.0,KP98,,17.32,,2726.0
2024-10-28 18:20:25,5.0,KP98,,17.308,,2727.0
2024-10-28 18:20:45,5.0,KP98,,17.296,,2728.0
2024-10-28 18:21:00,5.0,KP98,,17.284000000000002,,2729.0
2024-10-28 18:22:00,5.0,KP98,,17.284000000000002,,2729.0
2024-10-28 18:22:02,5.0,KP98,,17.26,,2731.0
2024-10-28 18:22:25,5.0,KP98,,17.258000000000003,,2732.0
2024-10-28 18:22:45,5.0,KP98,,17.256,,2733.0
2024-10-28 18:23:00,5.0,KP98,,17.254,,2734.0
2024-10-28 18:24:00,5.0,KP98,,17.254,,2734.0
2024-10-28 18:24:02,5.0,KP98,,17.25,,2736.0
2024-10-28 18:24:25,5.0,KP98,,17.246,,2737.0
2024-10-28 18:24:45,5.0,KP98,,17.242,,2738.0
2024-10-28 18:25:00,5.0,KP98,,17.238,,2739.0
2024-10-28 18:26:00,5.0,KP98,,17.238,,2739.0
2024-10-28 18:26:02,5.0,KP98,,17.23,,2741.0
2024-10-28 18:26:25,5.0,KP98,,17.240000000000002,,2742.0
2024-10-28 18:26:45,5.0,KP98,,17.25,,2743.0
2024-10-28 18:27:00,5.0,KP98,,17.26,,2744.0
2024-10-28 18:28:00,5.0,KP98,,17.26,,2744.0
2024-10-28 18:28:02,5.0,KP98,,17.28,,2746.0
2024-10-28 18:28:25,5.0,KP98,,17.266000000000002,,2747.0
2024-10-28 18:28:45,5.0,KP98,,17.252000000000002,,2748.0
2024-10-28 18:29:00,5.0,KP98,,17.238,,2749.0
2024-10-28 18:30:00,5.0,KP98,,17.238,,2749.0
2024-10-28 18:30:02,5.0,KP98,,17.21,,2751.0
2024-10-28 18:30:25,5.0,KP98,,17.2075,,2752.25
2024-10-28 18:30:45,5.0,KP98,,17.205,,2753.5
2024-10-28 18:32:00,5.0,KP98,,17.2025,,2754.75
2024-10-28 18:32:02,5.0,KP98,,17.2,,2756.0
2024-10-28 18:32:25,5.0,KP98,,17.21,,2757.0
2024-10-28 18:32:45,5.0,KP98,,17.22,,2758.0
2024-10-28 18:33:00,5.0,KP98,,17.23,,2759.0
2024-10-28 18:34:00,5.0,KP98,,17.23,,2759.0
2024-10-28 18:34:02,5.0,KP98,,17.25,,2761.0
2024-10-28 18:34:25,5.0,KP98,,17.232,,2762.0
2024-10-28 18:34:45,5.0,KP98,,17.214,,2763.0
2024-10-28 18:35:00,5.0,KP98,,17.196,,2764.0
2024-10-28 18:36:00,5.0,KP98,,17.196,,2764.0
2024-10-28 18:36:02,5.0,KP98,,17.16,,2766.0
2024-10-28 18:36:25,5.0,KP98,,17.17,,2767.25
2024-10-28 18:36:45,5.0,KP98,,17.18,,2768.5
2024-10-28 18:38:00,5.0,KP98,,17.189999999999998,,2769.75
2024-10-28 18:38:02,5.0,KP98,,17.2,,2771.0
2024-10-28 18:38:25,5.0,KP98,,17.194,,2772.0
2024-10-28 18:38:45,5.0,KP98,,17.188,,2773.0
2024-10-28 18:39:00,5.0,KP98,,17.182000000000002,,2774.0
2024-10-28 18:40:00,5.0,KP98,,17.182000000000002,,2774.0
2024-10-28 18:40:02,5.0,KP98,,17.17,,2776.0
2024-10-28 18:40:25,5.0,KP98,,17.152,,2777.0
2024-10-28 18:40:45,5.0,KP98,,17.134,,2778.0
2024-10-28 18:41:00,5.0,KP98,,17.116,,2779.0
2024-10-28 18:42:00,5.0,KP98,,17.116,,2779.0
2024-10-28 18:42:02,5.0,KP98,,17.08,,2781.0
2024-10-28 18:42:25,5.0,KP98,,17.073999999999998,,2782.0
2024-10-28 18:42:45,5.0,KP98,,17.067999999999998,,2783.0
2024-10-28 18:43:00,5.0,KP98,,17.062,,2784.0
2024-10-28 18:44:00,5.0,KP98,,17.062,,2784.0
2024-10-28 18:44:02,5.0,KP98,,17.05,,2786.0
2024-10-28 18:44:25,5.0,KP98,,17.048000000000002,,2787.0
2024-10-28 18:44:45,5.0,KP98,,17.046,,2788.0
2024-10-28 18:45:00,5.0,KP98,,17.044,,2789.0
2024-10-28 18:46:00,5.0,KP98,,17.044,,2789.0
2024-10-28 18:46:02,5.0,KP98,,17.04,,2791.0
2024-10-28 18:46:25,5.0,KP98,,17.034,,2792.0
2024-10-28 18:46:45,5.0,KP98,,17.028,,2793.0
2024-10-28 18:47:00,5.0,KP98,,17.022000000000002,,2794.0
2024-10-28 18:48:00,5.0,KP98,,17.022000000000002,,2794.0
2024-10-28 18:48:02,5.0,KP98,,17.01,,2796.0
2024-10-28 18:48:25,5.0,KP98,,17.002000000000002,,2797.0
2024-10-28 18:48:45,5.0,KP98,,16.994,,2798.0
2024-10-28 18:49:00,5.0,KP98,,16.986,,2799.0
2024-10-28 18:50:00,5.0,KP98,,16.986,,2799.0
2024-10-28 18:50:02,5.0,KP98,,16.97,,2801.0
2024-10-28 18:50:25,5.0,KP98,,16.971999999999998,,2802.0
2024-10-28 18:50:45,5.0,KP98,,16.974,,2803.0
2024-10-28 18:51:00,5.0,KP98,,16.976,,2804.0
2024-10-28 18:52:00,5.0,KP98,,16.976,,2804.0
2024-10-28 18:52:02,5.0,KP98,,16.98,,2806.0
2024-10-28 18:52:25,5.0,KP98,,16.96,,2807.25
2024-10-28 18:52:45,5.0,KP98,,16.939999999999998,,2808.5
2024-10-28 18:54:00,5.0,KP98,,16.919999999999998,,2809.75
2024-10-28 18:54:02,5.0,KP98,,16.9,,2811.0
2024-10-28 18:54:25,5.0,KP98,,16.904,,2812.0
2024-10-28 18:54:45,5.0,KP98,,16.908,,2813.0
2024-10-28 18:55:00,5.0,KP98,,16.912,,2814.0
2024-10-28 18:56:00,5.0,KP98,,16.912,,2814.0
2024-10-28 18:56:02,5.0,KP98,,16.92,,2816.0
2024-10-28 18:56:25,5.0,KP98,,16.94,,2817.25
2024-10-28 18:56:45,5.0,KP98,,16.96,,2818.5
2024-10-28 18:58:00,5.0,KP98,,16.98,,2819.75
2024-10-28 18:58:02,5.0,KP98,,17.0,,2821.0
2024-10-28 18:58:25,5.0,KP98,,17.004,,2822.0
2024-10-28 18:58:45,5.0,KP98,,17.008,,2823.0
2024-10-28 18:59:00,5.0,KP98,,17.012,,2824.0
2024-10-28 19:00:00,5.0,KP98,,17.012,,2824.0
2024-10-28 19:00:02,5.0,KP98,,17.02,,2826.0
2024-10-28 19:00:25,5.0,KP98,,17.028,,2827.0
2024-10-28 19:00:45,5.0,KP98,,17.035999999999998,,2828.0
2024-10-28 19:01:00,5.0,KP98,,17.044,,2829.0
2024-10-28 19:02:00,5.0,KP98,,17.044,,2829.0
2024-10-28 19:02:02,5.0,KP98,,17.06,,2831.0
2024-10-28 19:02:25,5.0,KP98,,17.08,,2832.0
2024-10-28 19:02:45,5.0,KP98,,17.099999999999998,,2833.0
2024-10-28 19:03:00,5.0,KP98,,17.12,,2834.0
2024-10-28 19:04:00,5.0,KP98,,17.12,,2834.0
2024-10-28 19:04:02,5.0,KP98,,17.16,,2836.0
2024-10-28 19:04:25,5.0,KP98,,17.154,,2837.0
2024-10-28 19:04:45,5.0,KP98,,17.148,,2838.0
2024-10-28 19:05:00,5.0,KP98,,17.142,,2839.0
2024-10-28 19:06:00,5.0,KP98,,17.142,,2839.0
2024-10-28 19:06:02,5.0,KP98,,17.13,,2841.0
2024-10-28 19:06:25,5.0,KP98,,17.144,,2842.0
2024-10-28 19:06:45,5.0,KP98,,17.157999999999998,,2843.0
2024-10-28 19:07:00,5.0,KP98,,17.172,,2844.0
2024-10-28 19:08:00,5.0,KP98,,17.172,,2844.0
2024-10-28 19:08:02,5.0,KP98,,17.2,,2846.0
2024-10-28 19:08:25,5.0,KP98,,17.206,,2847.0
2024-10-28 19:08:45,5.0,KP98,,17.212,,2848.0
2024-10-28 19:09:00,5.0,KP98,,17.218,,2849.0
2024-10-28 19:10:00,5.0,KP98,,17.218,,2849.0
2024-10-28 19:10:02,5.0,KP98,,17.23,,2851.0
2024-10-28 19:10:25,5.0,KP98,,17.248,,2852.0
2024-10-28 19:10:45,5.0,KP98,,17.266000000000002,,2853.0
2024-10-28 19:11:00,5.0,KP98,,17.284,,2854.0
2024-10-28 19:12:00,5.0,KP98,,17.284,,2854.0
2024-10-28 19:12:02,5.0,KP98,,17.32,,2856.0
2024-10-28 19:12:25,5.0,KP98,,17.3175,,2857.25
2024-10-28 19:12:45,5.0,KP98,,17.314999999999998,,2858.5
2024-10-28 19:14:00,5.0,KP98,,17.3125,,2859.75
2024-10-28 19:14:02,5.0,KP98,,17.31,,2861.0
2024-10-28 19:14:25,5.0,KP98,,17.328,,2862.0
2024-10-28 19:14:45,5.0,KP98,,17.346,,2863.0
2024-10-28 19:15:00,5.0,KP98,,17.363999999999997,,2864.0
2024-10-28 19:16:00,5.0,KP98,,17.363999999999997,,2864.0
2024-10-28 19:16:02,5.0,KP98,,17.4,,2866.0
2024-10-28 19:16:25,5.0,KP98,,17.407999999999998,,2867.0
2024-10-28 19:16:45,5.0,KP98,,17.416,,2868.0
2024-10-28 19:17:00,5.0,KP98,,17.424,,2869.0
2024-10-28 19:18:00,5.0,KP98,,17.424,,2869.0
2024-10-28 19:18:02,5.0,KP98,,17.44,,2871.0
2024-10-28 19:18:25,5.0,KP98,,17.442,,2872.0
2024-10-28 19:18:45,5.0,KP98,,17.444,,2873.0
2024-10-28 19:19:00,5.0,KP98,,17.446,,2874.0
2024-10-28 19:20:00,5.0,KP98,,17.446,,2874.0
2024-10-28 19:20:02,5.0,KP98,,17.45,,2876.0
2024-10-28 19:20:25,5.0,KP98,,17.464,,2877.0
2024-10-28 19:20:45,5.0,KP98,,17.477999999999998,,2878.0
2024-10-28 19:21:00,5.0,KP98,,17.492,,2879.0
2024-10-28 19:22:00,5.0,KP98,,17.492,,2879.0
2024-10-28 19:22:02,5.0,KP98,,17.52,,2881.0
2024-10-28 19:22:25,5.0,KP98,,17.528,,2882.0
2024-10-28 19:22:45,5.0,KP98,,17.535999999999998,,2883.0
2024-10-28 19:23:00,5.0,KP98,,17.544,,2884.0
2024-10-28 19:24:00,5.0,KP98,,17.544,,2884.0
2024-10-28 19:24:02,5.0,KP98,,17.56,,2886.0
2024-10-28 19:24:25,5.0,KP98,,17.573999999999998,,2887.0
2024-10-28 19:24:45,5.0,KP98,,17.587999999999997,,2888.0
2024-10-28 19:25:00,5.0,KP98,,17.602,,2889.0
2024-10-28 19:26:00,5.0,KP98,,17.602,,2889.0
2024-10-28 19:26:02,5.0,KP98,,17.63,,2891.0
2024-10-28 19:26:25,5.0,KP98,,17.619999999999997,,2892.0
2024-10-28 19:26:45,5.0,KP98,,17.61,,2893.0
2024-10-28 19:27:00,5.0,KP98,,17.599999999999998,,2894.0
2024-10-28 19:28:00,5.0,KP98,,17.599999999999998,,2894.0
2024-10-28 19:28:02,5.0,KP98,,17.58,,2896.0
2024-10-28 19:28:25,5.0,KP98,,17.593999999999998,,2897.0
2024-10-28 19:28:45,5.0,KP98,,17.607999999999997,,2898.0
2024-10-28 19:29:00,5.0,KP98,,17.622,,2899.0
2024-10-28 19:30:00,5.0,KP98,,17.622,,2899.0
2024-10-28 19:30:02,5.0,KP98,,17.65,,2901.0
2024-10-28 19:30:25,5.0,KP98,,17.642,,2902.0
2024-10-28 19:30:45,5.0,KP98,,17.634,,2903.0
2024-10-28 19:31:00,5.0,KP98,,17.625999999999998,,2904.0
2024-10-28 19:32:00,5.0,KP98,,17.625999999999998,,2904.0
2024-10-28 19:32:02,5.0,KP98,,17.61,,2906.0
2024-10-28 19:32:25,5.0,KP98,,17.62,,2907.0
2024-10-28 19:32:45,5.0,KP98,,17.63,,2908.0
2024-10-28 19:33:00,5.0,KP98,,17.64,,2909.0
2024-10-28 19:34:00,5.0,KP98,,17.64,,2909.0
2024-10-28 19:34:02,5.0,KP98,,17.66,,2911.0
2024-10-28 19:34:25,5.0,KP98,,17.652,,2912.0
2024-10-28 19:34:45,5.0,KP98,,17.644000000000002,,2913.0
2024-10-28 19:35:00,5.0,KP98,,17.636,,2914.0
2024-10-28 19:36:00,5.0,KP98,,17.636,,2914.0
2024-10-28 19:36:02,5.0,KP98,,17.62,,2916.0
2024-10-28 19:36:25,5.0,KP98,,17.624000000000002,,2917.0
2024-10-28 19:36:45,5.0,KP98,,17.628,,2918.0
2024-10-28 19:37:00,5.0,KP98,,17.632,,2919.0
2024-10-28 19:38:00,5.0,KP98,,17.632,,2919.0
2024-10-28 19:38:02,5.0,KP98,,17.64,,2921.0
2024-10-28 19:38:25,5.0,KP98,,17.648,,2922.0
2024-10-28 19:38:45,5.0,KP98,,17.656,,2923.0
2024-10-28 19:39:00,5.0,KP98,,17.664,,2924.0
2024-10-28 19:40:00,5.0,KP98,,17.664,,2924.0
2024-10-28 19:40:02,5.0,KP98,,17.68,,2926.0
2024-10-28 19:40:25,5.0,KP98,,17.71,,2927.0
2024-10-28 19:40:45,5.0,KP98,,17.740000000000002,,2928.0
2024-10-28 19:42:00,5.0,KP98,,17.77,,2929.0
2024-10-28 19:42:02,5.0,KP98,,17.8,,2930.0
2024-10-28 19:42:25,5.0,KP98,,17.788,,2931.0
2024-10-28 19:42:45,5.0,KP98,,17.776,,2932.0
2024-10-28 19:43:00,5.0,KP98,,17.764,,2933.0
2024-10-28 19:44:00,5.0,KP98,,17.764,,2933.0
2024-10-28 19:44:02,5.0,KP98,,17.74,,2935.0
2024-10-28 19:44:25,5.0,KP98,,17.756,,2936.0
2024-10-28 19:44:45,5.0,KP98,,17.772,,2937.0
2024-10-28 19:45:00,5.0,KP98,,17.788,,2938.0
2024-10-28 19:46:00,5.0,KP98,,17.788,,2938.0
2024-10-28 19:46:02,5.0,KP98,,17.82,,2940.0
2024-10-28 19:46:25,5.0,KP98,,17.830000000000002,,2941.0
2024-10-28 19:46:45,5.0,KP98,,17.84,,2942.0
2024-10-28 19:47:00,5.0,KP98,,17.85,,2943.0
2024-10-28 19:48:00,5.0,KP98,,17.85,,2943.0
2024-10-28 19:48:02,5.0,KP98,,17.87,,2945.0
2024-10-28 19:48:25,5.0,KP98,,17.874000000000002,,2946.0
2024-10-28 19:48:45,5.0,KP98,,17.878,,2947.0
2024-10-28 19:49:00,5.0,KP98,,17.882,,2948.0
2024-10-28 19:50:00,5.0,KP98,,17.882,,2948.0
2024-10-28 19:50:02,5.0,KP98,,17.89,,2950.0
2024-10-28 19:50:25,5.0,KP98,,17.898,,2951.0
2024-10-28 19:50:45,5.0,KP98,,17.906,,2952.0
2024-10-28 19:51:00,5.0,KP98,,17.914,,2953.0
2024-10-28 19:52:00,5.0,KP98,,17.914,,2953.0
2024-10-28 19:52:02,5.0,KP98,,17.93,,2955.0
2024-10-28 19:52:25,5.0,KP98,,17.944,,2956.0
2024-10-28 19:52:45,5.0,KP98,,17.958,,2957.0
2024-10-28 19:53:00,5.0,KP98,,17.972,,2958.0
2024-10-28 19:54:00,5.0,KP98,,17.972,,2958.0
2024-10-28 19:54:02,5.0,KP98,,18.0,,2960.0
2024-10-28 19:54:25,5.0,KP98,,18.0,,2961.0
2024-10-28 19:54:45,5.0,KP98,,18.0,,2962.0
2024-10-28 19:55:00,5.0,KP98,,18.0,,2963.0
2024-10-28 19:56:00,5.0,KP98,,18.0,,2963.0
2024-10-28 19:56:02,5.0,KP98,,18.0,,2965.0
2024-10-28 19:56:25,5.0,KP98,,18.006,,2966.0
2024-10-28 19:56:45,5.0,KP98,,18.012,,2967.0
2024-10-28 19:57:00,5.0,KP98,,18.018,,2968.0
2024-10-28 19:58:00,5.0,KP98,,18.018,,2968.0
2024-10-28 19:58:02,5.0,KP98,,18.03,,2970.0
2024-10-28 19:58:25,5.0,KP98,,18.0475,,2971.25
2024-10-28 19:58:45,5.0,KP98,,18.065,,2972.5
2024-10-28 20:00:00,5.0,KP98,,18.082500000000003,,2973.75
2024-10-28 20:00:02,5.0,KP98,,18.1,,2975.0
2024-10-28 20:00:25,5.0,KP98,,18.095,,2976.25
2024-10-28 20:00:45,5.0,KP98,,18.09,,2977.5
2024-10-28 20:02:00,5.0,KP98,,18.085,,2978.75
2024-10-28 20:02:02,5.0,KP98,,18.08,,2980.0
2024-10-28 20:02:25,5.0,KP98,,18.087999999999997,,2981.0
2024-10-28 20:02:45,5.0,KP98,,18.096,,2982.0
2024-10-28 20:03:00,5.0,KP98,,18.104,,2983.0
2024-10-28 20:04:00,5.0,KP98,,18.104,,2983.0
2024-10-28 20:04:02,5.0,KP98,,18.12,,2985.0
2024-10-28 20:04:25,5.0,KP98,,18.122500000000002,,2986.25
2024-10-28 20:04:45,5.0,KP98,,18.125,,2987.5
2024-10-28 20:06:00,5.0,KP98,,18.127499999999998,,2988.75
2024-10-28 20:06:02,5.0,KP98,,18.13,,2990.0
2024-10-28 20:06:25,5.0,KP98,,18.131999999999998,,2991.0
2024-10-28 20:06:45,5.0,KP98,,18.134,,2992.0
2024-10-28 20:07:00,5.0,KP98,,18.136,,2993.0
2024-10-28 20:08:00,5.0,KP98,,18.136,,2993.0
2024-10-28 20:08:02,5.0,KP98,,18.14,,2995.0
2024-10-28 20:08:25,5.0,KP98,,18.14,,2996.0
2024-10-28 20:08:45,5.0,KP98,,18.14,,2997.0
2024-10-28 20:09:00,5.0,KP98,,18.14,,2998.0
2024-10-28 20:10:00,5.0,KP98,,18.14,,2998.0
2024-10-28 20:10:02,5.0,KP98,,18.14,,3000.0
2024-10-28 20:10:25,5.0,KP98,,18.1525,,3001.25
2024-10-28 20:10:45,5.0,KP98,,18.165,,3002.5
2024-10-28 20:12:00,5.0,KP98,,18.177500000000002,,3003.75
2024-10-28 20:12:02,5.0,KP98,,18.19,,3005.0
2024-10-28 20:12:25,5.0,KP98,,18.176000000000002,,3006.0
2024-10-28 20:12:45,5.0,KP98,,18.162000000000003,,3007.0
2024-10-28 20:13:00,5.0,KP98,,18.148,,3008.0
2024-10-28 20:14:00,5.0,KP98,,18.148,,3008.0
2024-10-28 20:14:02,5.0,KP98,,18.12,,3010.0
2024-10-28 20:14:25,5.0,KP98,,18.156000000000002,,3011.0
2024-10-28 20:14:45,5.0,KP98,,18.192,,3012.0
2024-10-28 20:15:00,5.0,KP98,,18.228,,3013.0
2024-10-28 20:16:00,5.0,KP98,,18.228,,3013.0
2024-10-28 20:16:02,5.0,KP98,,18.3,,3015.0
2024-10-28 20:16:25,5.0,KP98,,18.294,,3016.0
2024-10-28 20:16:45,5.0,KP98,,18.288,,3017.0
2024-10-28 20:17:00,5.0,KP98,,18.282,,3018.0
2024-10-28 20:18:00,5.0,KP98,,18.282,,3018.0
2024-10-28 20:18:02,5.0,KP98,,18.27,,3020.0
2024-10-28 20:18:25,5.0,KP98,,18.268,,3021.0
2024-10-28 20:18:45,5.0,KP98,,18.266000000000002,,3022.0
2024-10-28 20:19:00,5.0,KP98,,18.264,,3023.0
2024-10-28 20:20:00,5.0,KP98,,18.264,,3023.0
2024-10-28 20:20:02,5.0,KP98,,18.26,,3025.0
2024-10-28 20:20:25,5.0,KP98,,18.266000000000002,,3026.0
2024-10-28 20:20:45,5.0,KP98,,18.272000000000002,,3027.0
2024-10-28 20:21:00,5.0,KP98,,18.278,,3028.0
2024-10-28 20:22:00,5.0,KP98,,18.278,,3028.0
2024-10-28 20:22:02,5.0,KP98,,18.29,,3030.0
2024-10-28 20:22:25,5.0,KP98,,18.2925,,3031.25
2024-10-28 20:22:45,5.0,KP98,,18.295,,3032.5
2024-10-28 20:24:00,5.0,KP98,,18.2975,,3033.75
2024-10-28 20:24:02,5.0,KP98,,18.3,,3035.0
2024-10-28 20:24:25,5.0,KP98,,18.312,,3036.0
2024-10-28 20:24:45,5.0,KP98,,18.324,,3037.0
2024-10-28 20:25:00,5.0,KP98,,18.336,,3038.0
2024-10-28 20:26:00,5.0,KP98,,18.336,,3038.0
2024-10-28 20:26:02,5.0,KP98,,18.36,,3040.0
2024-10-28 20:26:25,5.0,KP98,,18.366,,3041.0
2024-10-28 20:26:45,5.0,KP98,,18.372,,3042.0
2024-10-28 20:27:00,5.0,KP98,,18.378,,3043.0
2024-10-28 20:28:00,5.0,KP98,,18.378,,3043.0
2024-10-28 20:28:02,5.0,KP98,,18.39,,3045.0
2024-10-28 20:28:25,5.0,KP98,,18.3825,,3046.25
2024-10-28 20:28:45,5.0,KP98,,18.375,,3047.5
2024-10-28 20:29:00,5.0,KP98,,18.3675,,3048.75
2024-10-28 20:30:02,5.0,KP98,,18.36,,3050.0
2024-10-28 20:30:25,5.0,KP98,,18.37,,3051.0
2024-10-28 20:30:45,5.0,KP98,,18.38,,3052.0
2024-10-28 20:31:00,5.0,KP98,,18.39,,3053.0
2024-10-28 20:32:00,5.0,KP98,,18.39,,3053.0
2024-10-28 20:32:02,5.0,KP98,,18.41,,3055.0
2024-10-28 20:32:25,5.0,KP98,,18.416,,3056.0
2024-10-28 20:32:45,5.0,KP98,,18.422,,3057.0
2024-10-28 20:33:00,5.0,KP98,,18.428,,3058.0
2024-10-28 20:34:00,5.0,KP98,,18.428,,3058.0
2024-10-28 20:34:02,5.0,KP98,,18.44,,3060.0
2024-10-28 20:34:25,5.0,KP98,,18.444000000000003,,3061.0
2024-10-28 20:34:45,5.0,KP98,,18.448,,3062.0
2024-10-28 20:35:00,5.0,KP98,,18.452,,3063.0
2024-10-28 20:36:00,5.0,KP98,,18.452,,3063.0
2024-10-28 20:36:02,5.0,KP98,,18.46,,3065.0
2024-10-28 20:36:25,5.0,KP98,,18.464000000000002,,3066.0
2024-10-28 20:36:45,5.0,KP98,,18.468,,3067.0
2024-10-28 20:37:00,5.0,KP98,,18.472,,3068.0
2024-10-28 20:38:00,5.0,KP98,,18.472,,3068.0
2024-10-28 20:38:02,5.0,KP98,,18.48,,3070.0
2024-10-28 20:38:25,5.0,KP98,,18.486,,3071.0
2024-10-28 20:38:45,5.0,KP98,,18.492,,3072.0
2024-10-28 20:39:00,5.0,KP98,,18.498,,3073.0
2024-10-28 20:40:00,5.0,KP98,,18.498,,3073.0
2024-10-28 20:40:02,5.0,KP98,,18.51,,3075.0
2024-10-28 20:40:25,5.0,KP98,,18.516000000000002,,3076.0
2024-10-28 20:40:45,5.0,KP98,,18.522000000000002,,3077.0
2024-10-28 20:41:00,5.0,KP98,,18.528,,3078.0
2024-10-28 20:42:00,5.0,KP98,,18.528,,3078.0
2024-10-28 20:42:02,5.0,KP98,,18.54,,3080.0
2024-10-28 20:42:25,5.0,KP98,,18.544,,3081.0
2024-10-28 20:42:45,5.0,KP98,,18.548,,3082.0
2024-10-28 20:43:00,5.0,KP98,,18.552,,3083.0
2024-10-28 20:44:00,5.0,KP98,,18.552,,3083.0
2024-10-28 20:44:02,5.0,KP98,,18.56,,3085.0
2024-10-28 20:44:25,5.0,KP98,,18.555,,3086.25
2024-10-28 20:44:45,5.0,KP98,,18.549999999999997,,3087.5
2024-10-28 20:46:00,5.0,KP98,,18.544999999999998,,3088.75
2024-10-28 20:46:02,5.0,KP98,,18.54,,3090.0
2024-10-28 20:46:25,5.0,KP98,,18.556,,3091.0
2024-10-28 20:46:45,5.0,KP98,,18.572,,3092.0
2024-10-28 20:47:00,5.0,KP98,,18.588,,3093.0
2024-10-28 20:48:00,5.0,KP98,,18.588,,3093.0
2024-10-28 20:48:02,5.0,KP98,,18.62,,3095.0
2024-10-28 20:48:25,5.0,KP98,,18.634,,3096.0
2024-10-28 20:48:45,5.0,KP98,,18.648,,3097.0
2024-10-28 20:49:00,5.0,KP98,,18.662000000000003,,3098.0
2024-10-28 20:50:00,5.0,KP98,,18.662000000000003,,3098.0
2024-10-28 20:50:02,5.0,KP98,,18.69,,3100.0
2024-10-28 20:50:25,5.0,KP98,,18.7,,3101.0
2024-10-28 20:50:45,5.0,KP98,,18.71,,3102.0
2024-10-28 20:51:00,5.0,KP98,,18.72,,3103.0
2024-10-28 20:52:00,5.0,KP98,,18.72,,3103.0
2024-10-28 20:52:02,5.0,KP98,,18.74,,3105.0
2024-10-28 20:52:25,5.0,KP98,,18.752,,3106.0
2024-10-28 20:52:45,5.0,KP98,,18.764,,3107.0
2024-10-28 20:53:00,5.0,KP98,,18.776,,3108.0
2024-10-28 20:54:00,5.0,KP98,,18.776,,3108.0
2024-10-28 20:54:02,5.0,KP98,,18.8,,3110.0
2024-10-28 20:54:25,5.0,KP98,,18.804000000000002,,3111.0
2024-10-28 20:54:45,5.0,KP98,,18.808,,3112.0
2024-10-28 20:55:00,5.0,KP98,,18.812,,3113.0
2024-10-28 20:56:00,5.0,KP98,,18.812,,3113.0
2024-10-28 20:56:02,5.0,KP98,,18.82,,3115.0
2024-10-28 20:56:25,5.0,KP98,,18.834,,3116.0
2024-10-28 20:56:45,5.0,KP98,,18.848,,3117.0
2024-10-28 20:57:00,5.0,KP98,,18.862000000000002,,3118.0
2024-10-28 20:58:00,5.0,KP98,,18.862000000000002,,3118.0
2024-10-28 20:58:02,5.0,KP98,,18.89,,3120.0
2024-10-28 20:58:25,5.0,KP98,,18.898,,3121.0
2024-10-28 20:58:45,5.0,KP98,,18.906,,3122.0
2024-10-28 20:59:00,5.0,KP98,,18.914,,3123.0
2024-10-28 21:00:00,5.0,KP98,,18.914,,3123.0
2024-10-28 21:00:02,5.0,KP98,,18.93,,3125.0
2024-10-28 21:00:25,5.0,KP98,,18.9325,,3126.25
2024-10-28 21:00:45,5.0,KP98,,18.935000000000002,,3127.5
2024-10-28 21:02:00,5.0,KP98,,18.9375,,3128.75
2024-10-28 21:02:02,5.0,KP98,,18.94,,3130.0
2024-10-28 21:02:25,5.0,KP98,,18.95,,3131.0
2024-10-28 21:02:45,5.0,KP98,,18.96,,3132.0
2024-10-28 21:03:00,5.0,KP98,,18.97,,3133.0
2024-10-28 21:04:00,5.0,KP98,,18.97,,3133.0
2024-10-28 21:04:02,5.0,KP98,,18.99,,3135.0
2024-10-28 21:04:25,5.0,KP98,,18.99,,3136.0
2024-10-28 21:04:45,5.0,KP98,,18.99,,3137.0
2024-10-28 21:05:00,5.0,KP98,,18.99,,3138.0
2024-10-28 21:06:00,5.0,KP98,,18.99,,3138.0
2024-10-28 21:06:02,5.0,KP98,,18.99,,3140.0
2024-10-28 21:06:25,5.0,KP98,,18.982,,3141.0
2024-10-28 21:06:45,5.0,KP98,,18.974,,3142.0
2024-10-28 21:07:00,5.0,KP98,,18.965999999999998,,3143.0
2024-10-28 21:08:00,5.0,KP98,,18.965999999999998,,3143.0
2024-10-28 21:08:02,5.0,KP98,,18.95,,3145.0
2024-10-28 21:08:25,5.0,KP98,,18.956,,3146.0
2024-10-28 21:08:45,5.0,KP98,,18.962,,3147.0
2024-10-28 21:09:00,5.0,KP98,,18.968,,3148.0
2024-10-28 21:10:00,5.0,KP98,,18.968,,3148.0
2024-10-28 21:10:02,5.0,KP98,,18.98,,3150.0
2024-10-28 21:10:25,5.0,KP98,,18.988,,3151.0
2024-10-28 21:10:45,5.0,KP98,,18.996,,3152.0
2024-10-28 21:11:00,5.0,KP98,,19.004,,3153.0
2024-10-28 21:12:00,5.0,KP98,,19.004,,3153.0
2024-10-28 21:12:02,5.0,KP98,,19.02,,3155.0
2024-10-28 21:12:25,5.0,KP98,,19.034,,3156.0
2024-10-28 21:12:45,5.0,KP98,,19.048,,3157.0
2024-10-28 21:13:00,5.0,KP98,,19.062,,3158.0
2024-10-28 21:14:00,5.0,KP98,,19.062,,3158.0
2024-10-28 21:14:02,5.0,KP98,,19.09,,3160.0
2024-10-28 21:14:25,5.0,KP98,,19.094,,3161.0
2024-10-28 21:14:45,5.0,KP98,,19.098,,3162.0
2024-10-28 21:15:00,5.0,KP98,,19.102,,3163.0
2024-10-28 21:16:00,5.0,KP98,,19.102,,3163.0
2024-10-28 21:16:02,5.0,KP98,,19.11,,3165.0
2024-10-28 21:16:25,5.0,KP98,,19.114,,3166.0
2024-10-28 21:16:45,5.0,KP98,,19.118,,3167.0
2024-10-28 21:17:00,5.0,KP98,,19.122,,3168.0
2024-10-28 21:18:00,5.0,KP98,,19.122,,3168.0
2024-10-28 21:18:02,5.0,KP98,,19.13,,3170.0
2024-10-28 21:18:25,5.0,KP98,,19.15,,3171.0
2024-10-28 21:18:45,5.0,KP98,,19.169999999999998,,3172.0
2024-10-28 21:19:00,5.0,KP98,,19.19,,3173.0
2024-10-28 21:20:00,5.0,KP98,,19.19,,3173.0
2024-10-28 21:20:02,5.0,KP98,,19.23,,3175.0
2024-10-28 21:20:25,5.0,KP98,,19.224,,3176.0
2024-10-28 21:20:45,5.0,KP98,,19.218,,3177.0
2024-10-28 21:21:00,5.0,KP98,,19.212,,3178.0
2024-10-28 21:22:00,5.0,KP98,,19.212,,3178.0
2024-10-28 21:22:02,5.0,KP98,,19.2,,3180.0
2024-10-28 21:22:25,5.0,KP98,,19.21,,3181.0
2024-10-28 21:22:45,5.0,KP98,,19.22,,3182.0
2024-10-28 21:23:00,5.0,KP98,,19.23,,3183.0
2024-10-28 21:24:00,5.0,KP98,,19.23,,3183.0
2024-10-28 21:24:02,5.0,KP98,,19.25,,3185.0
2024-10-28 21:24:25,5.0,KP98,,19.25,,3186.0
2024-10-28 21:24:45,5.0,KP98,,19.25,,3187.0
2024-10-28 21:25:00,5.0,KP98,,19.25,,3188.0
2024-10-28 21:26:00,5.0,KP98,,19.25,,3188.0
2024-10-28 21:26:02,5.0,KP98,,19.25,,3190.0
2024-10-28 21:26:25,5.0,KP98,,19.242,,3191.0
2024-10-28 21:26:45,5.0,KP98,,19.234,,3192.0
2024-10-28 21:27:00,5.0,KP98,,19.226,,3193.0
2024-10-28 21:28:00,5.0,KP98,,19.226,,3193.0
2024-10-28 21:28:02,5.0,KP98,,19.21,,3195.0
2024-10-28 21:28:25,5.0,KP98,,19.21,,3196.0
2024-10-28 21:28:45,5.0,KP98,,19.21,,3197.0
2024-10-28 21:29:00,5.0,KP98,,19.21,,3198.0
2024-10-28 21:30:00,5.0,KP98,,19.21,,3198.0
2024-10-28 21:30:02,5.0,KP98,,19.21,,3200.0
2024-10-28 21:30:25,5.0,KP98,,19.218,,3201.0
2024-10-28 21:30:45,5.0,KP98,,19.226,,3202.0
2024-10-28 21:31:00,5.0,KP98,,19.234,,3203.0
2024-10-28 21:32:00,5.0,KP98,,19.234,,3203.0
2024-10-28 21:32:02,5.0,KP98,,19.25,,3205.0
2024-10-28 21:32:25,5.0,KP98,,19.248,,3206.0
2024-10-28 21:32:45,5.0,KP98,,19.246,,3207.0
2024-10-28 21:33:00,5.0,KP98,,19.244,,3208.0
2024-10-28 21:34:00,5.0,KP98,,19.244,,3208.0
2024-10-28 21:34:02,5.0,KP98,,19.24,,3210.0
2024-10-28 21:34:25,5.0,KP98,,19.247999999999998,,3211.0
2024-10-28 21:34:45,5.0,KP98,,19.256,,3212.0
2024-10-28 21:35:00,5.0,KP98,,19.264,,3213.0
2024-10-28 21:36:00,5.0,KP98,,19.264,,3213.0
2024-10-28 21:36:02,5.0,KP98,,19.28,,3215.0
2024-10-28 21:36:25,5.0,KP98,,19.28,,3216.0
2024-10-28 21:36:45,5.0,KP98,,19.28,,3217.0
2024-10-28 21:37:00,5.0,KP98,,19.28,,3218.0
2024-10-28 21:38:00,5.0,KP98,,19.28,,3218.0
2024-10-28 21:38:02,5.0,KP98,,19.28,,3220.0
2024-10-28 21:38:25,5.0,KP98,,19.286,,3221.0
2024-10-28 21:38:45,5.0,KP98,,19.292,,3222.0
2024-10-28 21:39:00,5.0,KP98,,19.298,,3223.0
2024-10-28 21:40:00,5.0,KP98,,19.298,,3223.0
2024-10-28 21:40:02,5.0,KP98,,19.31,,3225.0
2024-10-28 21:40:25,5.0,KP98,,19.328,,3226.0
2024-10-28 21:40:45,5.0,KP98,,19.346,,3227.0
2024-10-28 21:41:00,5.0,KP98,,19.363999999999997,,3228.0
2024-10-28 21:42:00,5.0,KP98,,19.363999999999997,,3228.0
2024-10-28 21:42:02,5.0,KP98,,19.4,,3230.0
2024-10-28 21:42:25,5.0,KP98,,19.406,,3231.0
2024-10-28 21:42:45,5.0,KP98,,19.412,,3232.0
2024-10-28 21:43:00,5.0,KP98,,19.418,,3233.0
2024-10-28 21:44:00,5.0,KP98,,19.418,,3233.0
2024-10-28 21:44:02,5.0,KP98,,19.43,,3235.0
2024-10-28 21:44:25,5.0,KP98,,19.432,,3236.0
2024-10-28 21:44:45,5.0,KP98,,19.434,,3237.0
2024-10-28 21:45:00,5.0,KP98,,19.436,,3238.0
2024-10-28 21:46:00,5.0,KP98,,19.436,,3238.0
2024-10-28 21:46:02,5.0,KP98,,19.44,,3240.0
2024-10-28 21:46:25,5.0,KP98,,19.448,,3241.0
2024-10-28 21:46:45,5.0,KP98,,19.456,,3242.0
2024-10-28 21:47:00,5.0,KP98,,19.464000000000002,,3243.0
2024-10-28 21:48:00,5.0,KP98,,19.464000000000002,,3243.0
2024-10-28 21:48:02,5.0,KP98,,19.48,,3245.0
2024-10-28 21:48:25,5.0,KP98,,19.482,,3246.0
2024-10-28 21:48:45,5.0,KP98,,19.483999999999998,,3247.0
2024-10-28 21:49:00,5.0,KP98,,19.486,,3248.0
2024-10-28 21:50:00,5.0,KP98,,19.486,,3248.0
2024-10-28 21:50:02,5.0,KP98,,19.49,,3250.0
2024-10-28 21:50:25,5.0,KP98,,19.496,,3251.0
2024-10-28 21:50:45,5.0,KP98,,19.502,,3252.0
2024-10-28 21:51:00,5.0,KP98,,19.508,,3253.0
2024-10-28 21:52:00,5.0,KP98,,19.508,,3253.0
2024-10-28 21:52:02,5.0,KP98,,19.52,,3255.0
2024-10-28 21:52:25,5.0,KP98,,19.526,,3256.0
2024-10-28 21:52:45,5.0,KP98,,19.532,,3257.0
2024-10-28 21:53:00,5.0,KP98,,19.538,,3258.0
2024-10-28 21:54:00,5.0,KP98,,19.538,,3258.0
2024-10-28 21:54:02,5.0,KP98,,19.55,,3260.0
2024-10-28 21:54:25,5.0,KP98,,19.535,,3261.25
2024-10-28 21:54:45,5.0,KP98,,19.52,,3262.5
2024-10-28 21:56:00,5.0,KP98,,19.505,,3263.75
2024-10-28 21:56:02,5.0,KP98,,19.49,,3265.0
2024-10-28 21:56:25,5.0,KP98,,19.488,,3266.0
2024-10-28 21:56:45,5.0,KP98,,19.486,,3267.0
2024-10-28 21:57:00,5.0,KP98,,19.483999999999998,,3268.0
2024-10-28 21:58:00,5.0,KP98,,19.483999999999998,,3268.0
2024-10-28 21:58:02,5.0,KP98,,19.48,,3270.0
2024-10-28 21:58:25,5.0,KP98,,19.48,,3271.0
2024-10-28 21:58:45,5.0,KP98,,19.48,,3272.0
2024-10-28 21:59:00,5.0,KP98,,19.48,,3273.0
2024-10-28 22:00:00,5.0,KP98,,19.48,,3273.0
2024-10-28 22:00:02,5.0,KP98,,19.48,,3275.0
2024-10-28 22:00:25,5.0,KP98,,19.490000000000002,,3276.25
2024-10-28 22:00:45,5.0,KP98,,19.5,,3277.5
2024-10-28 22:02:00,5.0,KP98,,19.509999999999998,,3278.75
2024-10-28 22:02:02,5.0,KP98,,19.52,,3280.0
2024-10-28 22:02:25,5.0,KP98,,19.5225,,3281.25
2024-10-28 22:02:45,5.0,KP98,,19.525,,3282.5
2024-10-28 22:04:00,5.0,KP98,,19.5275,,3283.75
2024-10-28 22:04:02,5.0,KP98,,19.53,,3285.0
2024-10-28 22:04:25,5.0,KP98,,19.544,,3286.0
2024-10-28 22:04:45,5.0,KP98,,19.558,,3287.0
2024-10-28 22:05:00,5.0,KP98,,19.572000000000003,,3288.0
2024-10-28 22:06:00,5.0,KP98,,19.572000000000003,,3288.0
2024-10-28 22:06:02,5.0,KP98,,19.6,,3290.0
2024-10-28 22:06:25,5.0,KP98,,19.6,,3291.25
2024-10-28 22:06:45,5.0,KP98,,19.6,,3292.5
2024-10-28 22:08:00,5.0,KP98,,19.6,,3293.75
2024-10-28 22:08:02,5.0,KP98,,19.6,,3295.0
2024-10-28 22:08:25,5.0,KP98,,19.606,,3296.0
2024-10-28 22:08:45,5.0,KP98,,19.612000000000002,,3297.0
2024-10-28 22:09:00,5.0,KP98,,19.618,,3298.0
2024-10-28 22:10:00,5.0,KP98,,19.618,,3298.0
2024-10-28 22:10:02,5.0,KP98,,19.63,,3300.0
2024-10-28 22:10:25,5.0,KP98,,19.64,,3301.0
2024-10-28 22:10:45,5.0,KP98,,19.65,,3302.0
2024-10-28 22:11:00,5.0,KP98,,19.66,,3303.0
2024-10-28 22:12:00,5.0,KP98,,19.66,,3303.0
2024-10-28 22:12:02,5.0,KP98,,19.68,,3305.0
2024-10-28 22:12:25,5.0,KP98,,19.69,,3306.0
2024-10-28 22:12:45,5.0,KP98,,19.7,,3307.0
2024-10-28 22:13:00,5.0,KP98,,19.71,,3308.0
2024-10-28 22:14:00,5.0,KP98,,19.71,,3308.0
2024-10-28 22:14:02,5.0,KP98,,19.73,,3310.0
2024-10-28 22:14:25,5.0,KP98,,19.740000000000002,,3311.0
2024-10-28 22:14:45,5.0,KP98,,19.75,,3312.0
2024-10-28 22:15:00,5.0,KP98,,19.76,,3313.0
2024-10-28 22:16:00,5.0,KP98,,19.76,,3313.0
2024-10-28 22:16:02,5.0,KP98,,19.78,,3315.0
2024-10-28 22:16:25,5.0,KP98,,19.79,,3316.0
2024-10-28 22:16:45,5.0,KP98,,19.8,,3317.0
2024-10-28 22:17:00,5.0,KP98,,19.81,,3318.0
2024-10-28 22:18:00,5.0,KP98,,19.81,,3318.0
2024-10-28 22:18:02,5.0,KP98,,19.83,,3320.0
2024-10-28 22:18:25,5.0,KP98,,19.83,,3321.25
2024-10-28 22:18:45,5.0,KP98,,19.83,,3322.5
2024-10-28 22:20:00,5.0,KP98,,19.83,,3323.75
2024-10-28 22:20:02,5.0,KP98,,19.83,,3325.0
2024-10-28 22:20:25,5.0,KP98,,19.842,,3326.0
2024-10-28 22:20:45,5.0,KP98,,19.854,,3327.0
2024-10-28 22:21:00,5.0,KP98,,19.866,,3328.0
2024-10-28 22:22:00,5.0,KP98,,19.866,,3328.0
2024-10-28 22:22:02,5.0,KP98,,19.89,,3330.0
2024-10-28 22:22:25,5.0,KP98,,19.892,,3331.0
2024-10-28 22:22:45,5.0,KP98,,19.894,,3332.0
2024-10-28 22:23:00,5.0,KP98,,19.896,,3333.0
2024-10-28 22:24:00,5.0,KP98,,19.896,,3333.0
2024-10-28 22:24:02,5.0,KP98,,19.9,,3335.0
2024-10-28 22:24:25,5.0,KP98,,19.901999999999997,,3336.0
2024-10-28 22:24:45,5.0,KP98,,19.904,,3337.0
2024-10-28 22:25:00,5.0,KP98,,19.906,,3338.0
2024-10-28 22:26:00,5.0,KP98,,19.906,,3338.0
2024-10-28 22:26:02,5.0,KP98,,19.91,,3340.0
2024-10-28 22:26:25,5.0,KP98,,19.916,,3341.0
2024-10-28 22:26:45,5.0,KP98,,19.922,,3342.0
2024-10-28 22:27:00,5.0,KP98,,19.928,,3343.0
2024-10-28 22:28:00,5.0,KP98,,19.928,,3343.0
2024-10-28 22:28:02,5.0,KP98,,19.94,,3345.0
2024-10-28 22:28:25,5.0,KP98,,19.944000000000003,,3346.0
2024-10-28 22:28:45,5.0,KP98,,19.948,,3347.0
2024-10-28 22:29:00,5.0,KP98,,19.952,,3348.0
2024-10-28 22:30:00,5.0,KP98,,19.952,,3348.0
2024-10-28 22:30:02,5.0,KP98,,19.96,,3350.0
2024-10-28 22:30:25,5.0,KP98,,19.95,,3351.0
2024-10-28 22:30:45,5.0,KP98,,19.94,,3352.0
2024-10-28 22:31:00,5.0,KP98,,19.93,,3353.0
2024-10-28 22:32:00,5.0,KP98,,19.93,,3353.0
2024-10-28 22:32:02,5.0,KP98,,19.91,,3355.0
2024-10-28 22:32:25,5.0,KP98,,19.91,,3356.25
2024-10-28 22:32:45,5.0,KP98,,19.91,,3357.5
2024-10-28 22:34:00,5.0,KP98,,19.91,,3358.75
2024-10-28 22:34:02,5.0,KP98,,19.91,,3360.0
2024-10-28 22:34:25,5.0,KP98,,19.912,,3361.0
2024-10-28 22:34:45,5.0,KP98,,19.914,,3362.0
2024-10-28 22:35:00,5.0,KP98,,19.916,,3363.0
2024-10-28 22:36:00,5.0,KP98,,19.916,,3363.0
2024-10-28 22:36:02,5.0,KP98,,19.92,,3365.0
2024-10-28 22:36:25,5.0,KP98,,19.92,,3366.0
2024-10-28 22:36:45,5.0,KP98,,19.92,,3367.0
2024-10-28 22:37:00,5.0,KP98,,19.92,,3368.0
2024-10-28 22:38:00,5.0,KP98,,19.92,,3368.0
2024-10-28 22:38:02,5.0,KP98,,19.92,,3370.0
2024-10-28 22:38:25,5.0,KP98,,19.922,,3371.0
2024-10-28 22:38:45,5.0,KP98,,19.924,,3372.0
2024-10-28 22:39:00,5.0,KP98,,19.926000000000002,,3373.0
2024-10-28 22:40:00,5.0,KP98,,19.926000000000002,,3373.0
2024-10-28 22:40:02,5.0,KP98,,19.93,,3375.0
2024-10-28 22:40:25,5.0,KP98,,19.928,,3376.0
2024-10-28 22:40:45,5.0,KP98,,19.926000000000002,,3377.0
2024-10-28 22:41:00,5.0,KP98,,19.924,,3378.0
2024-10-28 22:42:00,5.0,KP98,,19.924,,3378.0
2024-10-28 22:42:02,5.0,KP98,,19.92,,3380.0
2024-10-28 22:42:25,5.0,KP98,,19.922,,3381.0
2024-10-28 22:42:45,5.0,KP98,,19.924,,3382.0
2024-10-28 22:43:00,5.0,KP98,,19.926000000000002,,3383.0
2024-10-28 22:44:00,5.0,KP98,,19.926000000000002,,3383.0
2024-10-28 22:44:02,5.0,KP98,,19.93,,3385.0
2024-10-28 22:44:25,5.0,KP98,,19.942,,3386.0
2024-10-28 22:44:45,5.0,KP98,,19.954,,3387.0
2024-10-28 22:45:00,5.0,KP98,,19.965999999999998,,3388.0
2024-10-28 22:46:00,5.0,KP98,,19.965999999999998,,3388.0
2024-10-28 22:46:02,5.0,KP98,,19.99,,3390.0
2024-10-28 22:46:25,5.0,KP98,,20.008,,3391.0
2024-10-28 22:46:45,5.0,KP98,,20.026,,3392.0
2024-10-28 22:47:00,5.0,KP98,,20.043999999999997,,3393.0
2024-10-28 22:48:00,5.0,KP98,,20.043999999999997,,3393.0
2024-10-28 22:48:02,5.0,KP98,,20.08,,3395.0
2024-10-28 22:48:25,5.0,KP98,,20.072,,3396.0
2024-10-28 22:48:45,5.0,KP98,,20.064,,3397.0
2024-10-28 22:49:00,5.0,KP98,,20.055999999999997,,3398.0
2024-10-28 22:50:00,5.0,KP98,,20.055999999999997,,3398.0
2024-10-28 22:50:02,5.0,KP98,,20.04,,3400.0
2024-10-28 22:50:25,5.0,KP98,,20.054,,3401.0
2024-10-28 22:50:45,5.0,KP98,,20.067999999999998,,3402.0
2024-10-28 22:51:00,5.0,KP98,,20.082,,3403.0
2024-10-28 22:52:00,5.0,KP98,,20.082,,3403.0
2024-10-28 22:52:02,5.0,KP98,,20.11,,3405.0
2024-10-28 22:52:25,5.0,KP98,,20.112,,3406.0
2024-10-28 22:52:45,5.0,KP98,,20.114,,3407.0
2024-10-28 22:53:00,5.0,KP98,,20.116,,3408.0
2024-10-28 22:54:00,5.0,KP98,,20.116,,3408.0
2024-10-28 22:54:02,5.0,KP98,,20.12,,3410.0
2024-10-28 22:54:25,5.0,KP98,,20.130000000000003,,3411.0
2024-10-28 22:54:45,5.0,KP98,,20.14,,3412.0
2024-10-28 22:55:00,5.0,KP98,,20.150000000000002,,3413.0
2024-10-28 22:56:00,5.0,KP98,,20.150000000000002,,3413.0
2024-10-28 22:56:02,5.0,KP98,,20.17,,3415.0
2024-10-28 22:56:25,5.0,KP98,,20.178,,3416.0
2024-10-28 22:56:45,5.0,KP98,,20.186,,3417.0
2024-10-28 22:57:00,5.0,KP98,,20.194000000000003,,3418.0
2024-10-28 22:58:00,5.0,KP98,,20.194000000000003,,3418.0
2024-10-28 22:58:02,5.0,KP98,,20.21,,3420.0
2024-10-28 22:58:25,5.0,KP98,,20.212,,3421.0
2024-10-28 22:58:45,5.0,KP98,,20.214,,3422.0
2024-10-28 22:59:00,5.0,KP98,,20.216,,3423.0
2024-10-28 23:00:00,5.0,KP98,,20.216,,3423.0
2024-10-28 23:00:02,5.0,KP98,,20.22,,3425.0
2024-10-28 23:00:25,5.0,KP98,,20.227999999999998,,3426.0
2024-10-28 23:00:45,5.0,KP98,,20.236,,3427.0
2024-10-28 23:01:00,5.0,KP98,,20.244,,3428.0
2024-10-28 23:02:00,5.0,KP98,,20.244,,3428.0
2024-10-28 23:02:02,5.0,KP98,,20.26,,3430.0
2024-10-28 23:02:25,5.0,KP98,,20.2725,,3431.25
2024-10-28 23:02:45,5.0,KP98,,20.285,,3432.5
2024-10-28 23:04:00,5.0,KP98,,20.2975,,3433.75
2024-10-28 23:04:02,5.0,KP98,,20.31,,3435.0
2024-10-28 23:04:25,5.0,KP98,,20.314,,3436.0
2024-10-28 23:04:45,5.0,KP98,,20.317999999999998,,3437.0
2024-10-28 23:05:00,5.0,KP98,,20.322,,3438.0
2024-10-28 23:06:00,5.0,KP98,,20.322,,3438.0
2024-10-28 23:06:02,5.0,KP98,,20.33,,3440.0
2024-10-28 23:06:25,5.0,KP98,,20.334,,3441.0
2024-10-28 23:06:45,5.0,KP98,,20.338,,3442.0
2024-10-28 23:07:00,5.0,KP98,,20.342,,3443.0
2024-10-28 23:08:00,5.0,KP98,,20.342,,3443.0
2024-10-28 23:08:02,5.0,KP98,,20.35,,3445.0
2024-10-28 23:08:25,5.0,KP98,,20.346,,3446.0
2024-10-28 23:08:45,5.0,KP98,,20.342,,3447.0
2024-10-28 23:09:00,5.0,KP98,,20.338,,3448.0
2024-10-28 23:10:00,5.0,KP98,,20.338,,3448.0
2024-10-28 23:10:02,5.0,KP98,,20.33,,3450.0
2024-10-28 23:10:25,5.0,KP98,,20.34,,3451.0
2024-10-28 23:10:45,5.0,KP98,,20.349999999999998,,3452.0
2024-10-28 23:11:00,5.0,KP98,,20.36,,3453.0
2024-10-28 23:12:00,5.0,KP98,,20.36,,3453.0
2024-10-28 23:12:02,5.0,KP98,,20.38,,3455.0
2024-10-28 23:12:25,5.0,KP98,,20.386,,3456.0
2024-10-28 23:12:45,5.0,KP98,,20.392,,3457.0
2024-10-28 23:13:00,5.0,KP98,,20.398,,3458.0
2024-10-28 23:14:00,5.0,KP98,,20.398,,3458.0
2024-10-28 23:14:02,5.0,KP98,,20.41,,3460.0
2024-10-28 23:14:25,5.0,KP98,,20.415,,3461.25
2024-10-28 23:14:35,5.0,KP98,,20.42,,3462.5
2024-10-28 23:14:45,5.0,KP98,,20.425,,3463.75
2024-10-28 23:14:58,5.0,KP98,,20.425,,3463.75
